{"type":"FeatureCollection","features":[{"type":"Feature","properties":{"adcode":"340100","name":"合肥市","level":"city","center":[117.227267,31.820567],"site":"https://geojson.hxkj.vip"},"geometry":{"type":"MultiPolygon","coordinates":[[[[117.0299,32.007],[117.0408,32.0242],[117.0446,32.0332],[117.0467,32.0412],[117.047,32.0518],[117.0411,32.0589],[117.0305,32.0646],[117.0257,32.0703],[117.0235,32.0744],[117.0195,32.098],[117.0125,32.1122],[117.0076,32.1135],[117.0103,32.115],[117.0068,32.1168],[116.9976,32.1177],[116.99,32.122],[116.986,32.1282],[116.9792,32.1482],[116.9787,32.1578],[116.9803,32.1608],[116.9833,32.1619],[116.9984,32.1604],[117.0074,32.162],[117.019,32.1689],[117.0245,32.1776],[117.0253,32.1909],[117.0117,32.1975],[117.0044,32.2029],[117.0039,32.2145],[117.0088,32.22],[117.0137,32.2228],[117.0405,32.2236],[117.0473,32.2252],[117.0524,32.2284],[117.0624,32.2383],[117.0673,32.2559],[117.0722,32.2663],[117.0701,32.2754],[117.0647,32.2828],[117.0614,32.2846],[117.0576,32.2842],[117.0462,32.2763],[117.0416,32.2756],[117.0362,32.2892],[117.0357,32.2947],[117.0381,32.3027],[117.0449,32.3103],[117.0476,32.3202],[117.0509,32.3217],[117.0592,32.3312],[117.0583,32.3334],[117.0521,32.3355],[117.0473,32.3324],[117.0433,32.333],[117.0379,32.3422],[117.0437,32.3478],[117.043,32.3578],[117.0461,32.3738],[117.045,32.3841],[117.0423,32.3854],[117.0239,32.3827],[117.0046,32.3862],[117.0069,32.3891],[117.0083,32.3976],[117.0073,32.4013],[117.009,32.4044],[117.0156,32.406],[117.0266,32.4138],[117.0397,32.416],[117.0412,32.421],[117.0437,32.4218],[117.0484,32.4306],[117.0484,32.4408],[117.0703,32.4616],[117.0732,32.4679],[117.0737,32.4744],[117.0698,32.4868],[117.0747,32.4917],[117.0745,32.4981],[117.0785,32.5021],[117.0796,32.5116],[117.0765,32.5156],[117.0735,32.5166],[117.0755,32.5232],[117.0834,32.5277],[117.0849,32.5305],[117.0941,32.5323],[117.0959,32.5301],[117.1004,32.5305],[117.1032,32.5289],[117.1061,32.5307],[117.1107,32.5278],[117.1152,32.522],[117.1271,32.5248],[117.1391,32.5202],[117.1508,32.5266],[117.1555,32.5346],[117.1578,32.5358],[117.1671,32.5343],[117.1694,32.5359],[117.1949,32.5379],[117.2016,32.5364],[117.2023,32.5281],[117.2112,32.5162],[117.2096,32.4939],[117.2116,32.4763],[117.209,32.4725],[117.215,32.4649],[117.2195,32.463],[117.235,32.4623],[117.2477,32.4592],[117.2655,32.4521],[117.2829,32.4427],[117.2903,32.4428],[117.306,32.4512],[117.3133,32.4487],[117.3201,32.4433],[117.3272,32.4417],[117.3329,32.4431],[117.3684,32.4573],[117.3809,32.4644],[117.3918,32.477],[117.3941,32.4783],[117.3971,32.4775],[117.4086,32.4671],[117.3916,32.4501],[117.3823,32.431],[117.3829,32.4142],[117.3803,32.4028],[117.3773,32.3984],[117.3614,32.3891],[117.3592,32.385],[117.3705,32.3744],[117.3767,32.3762],[117.3801,32.3859],[117.3826,32.3863],[117.3857,32.3917],[117.3862,32.3905],[117.3905,32.3911],[117.392,32.392],[117.3912,32.3945],[117.3967,32.3945],[117.4028,32.3865],[117.4085,32.3853],[117.4098,32.3815],[117.4126,32.3818],[117.4164,32.3758],[117.4212,32.3728],[117.4197,32.3713],[117.4417,32.3665],[117.445,32.3529],[117.4449,32.3435],[117.4423,32.3415],[117.4266,32.3377],[117.4126,32.3196],[117.4073,32.31],[117.4062,32.3047],[117.3976,32.2902],[117.3958,32.2837],[117.405,32.2695],[117.4083,32.2676],[117.4147,32.2671],[117.4239,32.2618],[117.4262,32.2448],[117.43,32.2402],[117.4353,32.2368],[117.4515,32.233],[117.4687,32.2235],[117.4823,32.2124],[117.4981,32.2035],[117.5038,32.203],[117.5159,32.2073],[117.5539,32.216],[117.5858,32.2355],[117.5961,32.24],[117.6054,32.2389],[117.6139,32.2502],[117.6226,32.25],[117.632,32.2569],[117.6317,32.2489],[117.6448,32.2582],[117.6524,32.2608],[117.6722,32.2611],[117.6724,32.2564],[117.6749,32.2557],[117.6726,32.2539],[117.6758,32.2549],[117.6762,32.2526],[117.6788,32.2538],[117.6818,32.2528],[117.682,32.2544],[117.6901,32.2538],[117.6914,32.2551],[117.6942,32.2537],[117.6954,32.2557],[117.6983,32.2563],[117.6973,32.2541],[117.7045,32.2538],[117.7049,32.2517],[117.7104,32.2486],[117.7114,32.2464],[117.7121,32.2438],[117.7095,32.2403],[117.712,32.2365],[117.7199,32.2388],[117.7291,32.2456],[117.7345,32.2472],[117.7413,32.2472],[117.7574,32.2407],[117.7709,32.2392],[117.7816,32.232],[117.7944,32.2181],[117.8052,32.2201],[117.8199,32.2305],[117.8223,32.2305],[117.8332,32.2217],[117.8472,32.2174],[117.8639,32.1955],[117.8733,32.1429],[117.8553,32.1233],[117.8523,32.1165],[117.8545,32.1105],[117.8516,32.106],[117.8581,32.1029],[117.8621,32.1082],[117.867,32.1066],[117.8682,32.0973],[117.8581,32.0938],[117.8647,32.0888],[117.8683,32.0759],[117.872,32.0709],[117.8851,32.0641],[117.8764,32.0566],[117.8798,32.0554],[117.8744,32.0524],[117.8681,32.0443],[117.8638,32.0432],[117.8626,32.0389],[117.8552,32.0367],[117.8363,32.0379],[117.8334,32.0338],[117.8357,32.021],[117.833,32.0153],[117.8233,32.0112],[117.8109,32.0023],[117.8173,31.9979],[117.8301,31.9943],[117.8349,31.9867],[117.8356,31.9835],[117.8341,31.9822],[117.8361,31.9791],[117.8447,31.9746],[117.8431,31.971],[117.8411,31.9719],[117.8404,31.9706],[117.8436,31.9688],[117.8464,31.9626],[117.8532,31.9616],[117.8533,31.9584],[117.8567,31.9551],[117.8615,31.9559],[117.866,31.954],[117.8638,31.952],[117.8638,31.9484],[117.8672,31.9476],[117.8686,31.9453],[117.865,31.9409],[117.8664,31.9398],[117.8689,31.9408],[117.8696,31.9391],[117.8715,31.9398],[117.8685,31.9375],[117.8696,31.9334],[117.8669,31.9336],[117.87,31.9317],[117.8682,31.9314],[117.8681,31.929],[117.871,31.9295],[117.8735,31.9276],[117.8781,31.9298],[117.8865,31.9268],[117.8992,31.9292],[117.9141,31.9223],[117.9274,31.9218],[117.9484,31.9105],[117.9518,31.9062],[117.9481,31.903],[117.9496,31.8958],[117.9432,31.873],[117.9357,31.8555],[117.928,31.8482],[117.9139,31.8409],[117.9108,31.8378],[117.9014,31.8118],[117.9054,31.8005],[117.9134,31.7875],[117.9059,31.7776],[117.9058,31.7709],[117.9095,31.7674],[117.9183,31.7646],[117.9251,31.7603],[117.9163,31.7531],[117.9153,31.7503],[117.9156,31.7444],[117.9183,31.7416],[117.9201,31.7341],[117.92,31.7283],[117.9131,31.7154],[117.9132,31.704],[117.9158,31.6987],[117.9226,31.6933],[117.928,31.6853],[117.9341,31.6808],[117.9414,31.6791],[117.9416,31.6738],[117.9392,31.6714],[117.9493,31.6714],[117.9551,31.6662],[117.9677,31.6621],[117.9639,31.6594],[117.9647,31.6564],[117.9677,31.6553],[117.9652,31.6534],[117.969,31.6421],[117.9733,31.6385],[117.972,31.6209],[117.9608,31.6167],[117.9591,31.6225],[117.9627,31.6272],[117.9459,31.6284],[117.9411,31.6269],[117.9384,31.6211],[117.9346,31.6181],[117.9372,31.6105],[117.9318,31.6057],[117.9354,31.5986],[117.936,31.5889],[117.9347,31.5869],[117.9299,31.5876],[117.9293,31.5857],[117.9308,31.5811],[117.9353,31.5805],[117.9351,31.5778],[117.9302,31.5736],[117.9283,31.5682],[117.9191,31.5673],[117.9139,31.565],[117.914,31.5606],[117.9074,31.5576],[117.9087,31.5526],[117.9073,31.5491],[117.9083,31.5469],[117.9137,31.5496],[117.9198,31.5492],[117.9281,31.5384],[117.9302,31.5376],[117.9417,31.5407],[117.951,31.5399],[117.9517,31.5363],[117.9397,31.524],[117.9418,31.5221],[117.9546,31.5185],[117.9583,31.5074],[117.9658,31.5038],[117.9654,31.4982],[117.9455,31.4878],[117.939,31.4875],[117.9342,31.4886],[117.9178,31.5024],[117.9069,31.5037],[117.8886,31.4987],[117.8648,31.4869],[117.8613,31.4884],[117.8467,31.4832],[117.8379,31.4857],[117.8274,31.4857],[117.8231,31.4787],[117.8187,31.4775],[117.8149,31.4783],[117.812,31.4769],[117.8098,31.4799],[117.7959,31.4834],[117.7812,31.4828],[117.7768,31.4783],[117.7717,31.4664],[117.7685,31.466],[117.7648,31.47],[117.7571,31.4717],[117.7528,31.4706],[117.7435,31.4646],[117.7206,31.4679],[117.711,31.4642],[117.7048,31.4562],[117.697,31.4315],[117.6929,31.4073],[117.6771,31.3915],[117.6729,31.3851],[117.6561,31.3495],[117.6478,31.3208],[117.6391,31.3037],[117.6339,31.2971],[117.6296,31.2967],[117.6269,31.2983],[117.6183,31.2959],[117.6092,31.2812],[117.6027,31.2758],[117.5906,31.275],[117.5721,31.271],[117.5754,31.2558],[117.5731,31.248],[117.5614,31.2333],[117.5594,31.2231],[117.5557,31.2151],[117.5298,31.2002],[117.5361,31.1913],[117.5355,31.1897],[117.539,31.1876],[117.5349,31.1782],[117.5382,31.1768],[117.54,31.1783],[117.5415,31.1758],[117.5399,31.1718],[117.5368,31.1718],[117.5368,31.169],[117.5395,31.1677],[117.5404,31.1644],[117.5469,31.1643],[117.547,31.1707],[117.5526,31.1684],[117.5531,31.1744],[117.555,31.1759],[117.5596,31.1711],[117.562,31.1526],[117.5607,31.1506],[117.5549,31.1491],[117.5524,31.1452],[117.5472,31.1422],[117.5309,31.137],[117.5278,31.1316],[117.5273,31.118],[117.5251,31.1149],[117.5174,31.115],[117.5139,31.1125],[117.5122,31.1066],[117.5163,31.101],[117.526,31.0926],[117.5287,31.0792],[117.5242,31.0665],[117.5201,31.0617],[117.5146,31.0488],[117.5121,31.0471],[117.4944,31.0464],[117.485,31.0419],[117.4826,31.0392],[117.4839,31.0358],[117.4936,31.03],[117.5075,31.0034],[117.4915,30.9949],[117.4592,30.989],[117.4501,30.9843],[117.4468,30.9802],[117.444,30.9702],[117.4416,30.9679],[117.4196,30.9765],[117.413,30.9773],[117.3957,30.9681],[117.3855,30.9648],[117.3833,30.9519],[117.3714,30.951],[117.3678,30.953],[117.3651,30.959],[117.3695,30.9637],[117.3667,30.9715],[117.3565,30.9879],[117.3489,30.9921],[117.3404,30.9903],[117.3378,30.9877],[117.3248,30.9892],[117.3212,30.9912],[117.314,30.9998],[117.3083,31.0007],[117.3018,30.9937],[117.298,30.9855],[117.2852,30.9824],[117.2773,30.9848],[117.25,31.0091],[117.2315,31.0195],[117.2281,31.0258],[117.2254,31.037],[117.2187,31.0448],[117.212,31.0573],[117.1906,31.0697],[117.1843,31.0787],[117.1753,31.0874],[117.1672,31.0836],[117.1563,31.0724],[117.1546,31.075],[117.1503,31.0756],[117.1467,31.0727],[117.1386,31.0723],[117.1195,31.0822],[117.1173,31.085],[117.1185,31.0925],[117.1228,31.1018],[117.1219,31.1092],[117.1168,31.1217],[117.1172,31.1244],[117.122,31.1293],[117.1194,31.1371],[117.1237,31.1429],[117.1232,31.1464],[117.1094,31.1696],[117.1083,31.1761],[117.104,31.1815],[117.1028,31.189],[117.0963,31.1959],[117.0792,31.2217],[117.079,31.2283],[117.0756,31.2345],[117.0713,31.2368],[117.0529,31.236],[117.0487,31.24],[117.0407,31.2542],[117.0322,31.2566],[117.0464,31.2703],[117.047,31.2898],[117.0511,31.2913],[117.0539,31.2887],[117.0639,31.2895],[117.0694,31.297],[117.0708,31.3011],[117.0706,31.3256],[117.0737,31.3355],[117.0814,31.3459],[117.082,31.3503],[117.0807,31.354],[117.0741,31.3607],[117.0728,31.3648],[117.0748,31.3744],[117.0841,31.3886],[117.1094,31.435],[117.1425,31.472],[117.1479,31.4819],[117.1492,31.4833],[117.1889,31.492],[117.1982,31.4922],[117.2131,31.4882],[117.2354,31.4898],[117.2465,31.4945],[117.2525,31.4993],[117.2503,31.504],[117.2423,31.5082],[117.2386,31.5206],[117.2401,31.5261],[117.2342,31.5291],[117.2334,31.5346],[117.2283,31.5448],[117.2258,31.545],[117.22,31.5403],[117.2161,31.541],[117.1983,31.552],[117.1939,31.5526],[117.1538,31.5452],[117.153,31.5502],[117.15,31.5528],[117.1393,31.5551],[117.1337,31.551],[117.1321,31.5429],[117.1243,31.5445],[117.1123,31.5401],[117.073,31.5529],[117.0621,31.5487],[117.0546,31.5415],[117.052,31.5357],[117.0432,31.5374],[117.0412,31.542],[117.0306,31.5444],[117.0288,31.5472],[117.0237,31.5464],[117.0195,31.5493],[117.0162,31.5461],[117.0069,31.548],[117.0028,31.5544],[117.0021,31.5608],[116.9972,31.5621],[116.9909,31.5586],[116.9906,31.5456],[116.9925,31.5436],[116.9907,31.5375],[116.9856,31.5391],[116.9848,31.5361],[116.9871,31.5338],[116.9838,31.5323],[116.9824,31.5359],[116.9775,31.534],[116.9763,31.535],[116.9788,31.5371],[116.9754,31.5402],[116.9734,31.5374],[116.971,31.5397],[116.9669,31.5398],[116.9525,31.5321],[116.9464,31.5376],[116.9422,31.5367],[116.9412,31.5336],[116.9382,31.5341],[116.9345,31.5375],[116.9325,31.5361],[116.9278,31.5365],[116.9262,31.5343],[116.916,31.5333],[116.9123,31.5363],[116.9091,31.532],[116.9022,31.5323],[116.9031,31.537],[116.8847,31.5348],[116.8803,31.5371],[116.8782,31.535],[116.8702,31.5327],[116.8684,31.5293],[116.862,31.5317],[116.8535,31.5253],[116.8472,31.5257],[116.8455,31.5226],[116.844,31.5227],[116.843,31.5263],[116.8406,31.5263],[116.8367,31.5248],[116.8352,31.5211],[116.8298,31.5191],[116.8227,31.5221],[116.8188,31.5285],[116.8162,31.5292],[116.8154,31.5323],[116.8108,31.534],[116.8067,31.5326],[116.8073,31.5362],[116.8045,31.5392],[116.7928,31.5439],[116.7898,31.5506],[116.7842,31.5562],[116.777,31.5603],[116.7732,31.5671],[116.7675,31.5713],[116.7633,31.5824],[116.767,31.5906],[116.7658,31.5961],[116.7669,31.6141],[116.7644,31.6208],[116.7671,31.62],[116.7672,31.6212],[116.7636,31.6244],[116.7669,31.6253],[116.7622,31.6283],[116.7654,31.6377],[116.7604,31.6367],[116.7533,31.6444],[116.7556,31.6455],[116.7556,31.6471],[116.752,31.649],[116.7579,31.6507],[116.7581,31.6568],[116.7625,31.6603],[116.7648,31.6597],[116.769,31.6625],[116.7682,31.6687],[116.7616,31.6749],[116.762,31.6763],[116.7601,31.6774],[116.761,31.6797],[116.757,31.6847],[116.7629,31.6882],[116.7635,31.7072],[116.7523,31.7272],[116.7534,31.733],[116.7586,31.7432],[116.7596,31.7583],[116.758,31.7625],[116.7521,31.7655],[116.7346,31.764],[116.7311,31.7654],[116.7347,31.7748],[116.7329,31.7803],[116.7288,31.7824],[116.7218,31.7792],[116.7178,31.7804],[116.7144,31.7859],[116.714,31.7901],[116.7157,31.7915],[116.7141,31.7919],[116.7118,31.7969],[116.7098,31.7964],[116.7105,31.7982],[116.7045,31.801],[116.7009,31.806],[116.6948,31.8094],[116.6875,31.8187],[116.6888,31.821],[116.6925,31.8203],[116.6987,31.83],[116.7326,31.8484],[116.7406,31.8579],[116.7247,31.8583],[116.7207,31.8652],[116.7216,31.8713],[116.7141,31.8789],[116.7141,31.8815],[116.7218,31.8878],[116.7353,31.8914],[116.7534,31.9011],[116.7643,31.9042],[116.7711,31.9113],[116.7723,31.9104],[116.7734,31.9141],[116.776,31.9137],[116.7786,31.9154],[116.7835,31.9132],[116.7872,31.9158],[116.7874,31.9191],[116.7953,31.9215],[116.8015,31.9205],[116.8024,31.9191],[116.8082,31.9183],[116.8098,31.9194],[116.8173,31.9176],[116.8201,31.9198],[116.8194,31.9212],[116.8229,31.9255],[116.8256,31.9258],[116.8237,31.9291],[116.831,31.9286],[116.8325,31.9329],[116.8384,31.9321],[116.8407,31.9376],[116.8457,31.9396],[116.8449,31.9455],[116.8491,31.9479],[116.8477,31.9502],[116.8523,31.9543],[116.8537,31.9513],[116.8563,31.9525],[116.8558,31.9581],[116.8593,31.9605],[116.8654,31.9694],[116.8792,31.9743],[116.921,31.9806],[116.9374,31.9895],[116.9292,31.9987],[116.9289,32.0063],[116.9238,32.0135],[116.9242,32.0154],[116.9296,32.0179],[116.9326,32.022],[116.9404,32.0277],[116.9571,32.0224],[116.9598,32.0146],[116.9625,32.0132],[116.9713,32.0163],[116.9716,32.0147],[116.9777,32.0153],[116.9803,32.0122],[116.9856,32.0139],[116.9967,32.0064],[116.9987,32.0016],[116.9969,31.9941],[116.9986,31.9913],[117.008,31.9898],[117.0152,31.9946],[117.0209,31.9926],[117.0279,31.994],[117.0318,31.9977],[117.0352,32.0043],[117.0325,32.0063],[117.0299,32.007]]]]}},{"type":"Feature","properties":{"adcode":"340200","name":"芜湖市","level":"city","center":[118.433065,31.352614],"site":"https://geojson.hxkj.vip"},"geometry":{"type":"MultiPolygon","coordinates":[[[[118.4703,31.3938],[118.4845,31.3925],[118.4851,31.3959],[118.491,31.4036],[118.5001,31.4066],[118.5108,31.4063],[118.515,31.4032],[118.525,31.4018],[118.5233,31.3805],[118.5296,31.3744],[118.5437,31.3656],[118.5432,31.3611],[118.5447,31.3589],[118.5519,31.357],[118.5535,31.3551],[118.5577,31.3464],[118.5506,31.3348],[118.5513,31.332],[118.5569,31.3258],[118.5551,31.3188],[118.5646,31.3094],[118.5664,31.3023],[118.5726,31.3003],[118.5751,31.2914],[118.5831,31.2909],[118.5963,31.2947],[118.6077,31.2959],[118.6175,31.2941],[118.6226,31.2973],[118.639,31.2985],[118.6477,31.3033],[118.6569,31.3047],[118.6591,31.3017],[118.6614,31.2908],[118.6605,31.2711],[118.651,31.2594],[118.6504,31.2526],[118.6473,31.2455],[118.6636,31.2369],[118.6645,31.2296],[118.6665,31.2267],[118.683,31.2141],[118.6827,31.2119],[118.6879,31.2045],[118.6895,31.198],[118.6963,31.1876],[118.709,31.177],[118.7184,31.174],[118.7269,31.1603],[118.7279,31.1561],[118.7314,31.1536],[118.7336,31.1495],[118.7249,31.1431],[118.7244,31.146],[118.7213,31.1462],[118.702,31.1358],[118.6872,31.1209],[118.683,31.1093],[118.6841,31.1029],[118.6871,31.0994],[118.6855,31.0962],[118.6768,31.0896],[118.6753,31.086],[118.6761,31.0814],[118.6827,31.0749],[118.6758,31.0657],[118.6634,31.0545],[118.6569,31.0443],[118.65,31.0369],[118.6406,31.0315],[118.6273,31.0206],[118.6205,31.02],[118.606,31.0288],[118.6029,31.0465],[118.6015,31.0479],[118.5961,31.0479],[118.5843,31.0261],[118.5759,31.0222],[118.5729,31.0193],[118.5721,31.015],[118.5668,31.0131],[118.5727,31.0081],[118.5757,31.0002],[118.5798,30.9979],[118.5829,30.9871],[118.5824,30.9819],[118.5794,30.978],[118.5716,30.9727],[118.5711,30.9679],[118.5568,30.9715],[118.551,30.9707],[118.5335,30.9632],[118.5309,30.9583],[118.529,30.9589],[118.5294,30.9561],[118.5259,30.9537],[118.5198,30.9553],[118.5154,30.9539],[118.5092,30.9493],[118.5164,30.9413],[118.5153,30.9376],[118.4934,30.9422],[118.4982,30.9365],[118.5105,30.9273],[118.5131,30.9219],[118.5131,30.9171],[118.509,30.9119],[118.4976,30.9066],[118.4897,30.9001],[118.4941,30.89],[118.4932,30.8842],[118.4901,30.8799],[118.4862,30.8773],[118.4824,30.8779],[118.48,30.881],[118.4769,30.8818],[118.4723,30.8808],[118.4713,30.8792],[118.4721,30.8751],[118.4745,30.8729],[118.4785,30.8731],[118.484,30.8708],[118.4828,30.8649],[118.4774,30.8575],[118.4822,30.8588],[118.487,30.8649],[118.4912,30.8637],[118.4928,30.8596],[118.4982,30.8598],[118.4986,30.8585],[118.4978,30.8561],[118.4925,30.8531],[118.4939,30.8496],[118.49,30.8487],[118.4903,30.8419],[118.482,30.8392],[118.4782,30.8346],[118.4785,30.8304],[118.4822,30.8226],[118.4903,30.8226],[118.4955,30.8199],[118.5034,30.81],[118.5015,30.8037],[118.507,30.8079],[118.5053,30.8047],[118.5067,30.8041],[118.5029,30.8015],[118.4994,30.8021],[118.4956,30.7976],[118.4848,30.7903],[118.4807,30.7806],[118.4798,30.7628],[118.4679,30.7619],[118.4713,30.7684],[118.466,30.7679],[118.4654,30.7702],[118.4633,30.77],[118.459,30.775],[118.4517,30.7792],[118.4552,30.7902],[118.4504,30.7978],[118.4465,30.8009],[118.441,30.7977],[118.4317,30.7964],[118.4212,30.8087],[118.4195,30.8137],[118.4298,30.8139],[118.4377,30.819],[118.4368,30.8248],[118.4264,30.8388],[118.4212,30.8389],[118.416,30.8412],[118.4134,30.8424],[118.4138,30.845],[118.41,30.8461],[118.4089,30.8447],[118.4057,30.8455],[118.4022,30.8439],[118.4021,30.8414],[118.3982,30.8419],[118.3928,30.8378],[118.3934,30.8444],[118.3919,30.8466],[118.3885,30.8465],[118.3859,30.8497],[118.3817,30.8506],[118.3768,30.8473],[118.3694,30.8458],[118.3673,30.8435],[118.3589,30.8458],[118.3586,30.8394],[118.3555,30.8363],[118.3508,30.8349],[118.3476,30.8244],[118.3383,30.8268],[118.3337,30.8216],[118.3292,30.8244],[118.3234,30.8213],[118.3187,30.8217],[118.3122,30.8105],[118.3077,30.8089],[118.3067,30.8069],[118.3086,30.8052],[118.308,30.8039],[118.3133,30.7988],[118.3129,30.7951],[118.305,30.8009],[118.3008,30.7983],[118.3026,30.7938],[118.3133,30.7889],[118.3151,30.7832],[118.3041,30.788],[118.3029,30.7802],[118.3075,30.7762],[118.3011,30.7725],[118.2979,30.7724],[118.2957,30.7685],[118.2946,30.7571],[118.2929,30.7544],[118.2758,30.7414],[118.2757,30.7364],[118.2856,30.7304],[118.2947,30.7224],[118.2972,30.716],[118.3132,30.7069],[118.3145,30.7051],[118.3079,30.6983],[118.2933,30.7],[118.286,30.7042],[118.2819,30.711],[118.2724,30.7139],[118.2639,30.7134],[118.2541,30.7076],[118.2429,30.7035],[118.2329,30.7062],[118.2292,30.7092],[118.2226,30.7105],[118.2183,30.7095],[118.2054,30.7022],[118.1712,30.6916],[118.1635,30.6826],[118.1536,30.6665],[118.1368,30.6522],[118.1157,30.646],[118.1062,30.6409],[118.1009,30.6412],[118.0992,30.647],[118.1013,30.6555],[118.1261,30.6908],[118.131,30.6944],[118.135,30.7003],[118.1285,30.7013],[118.1259,30.7132],[118.1271,30.7143],[118.125,30.7178],[118.1224,30.7203],[118.1158,30.7194],[118.1097,30.7278],[118.1007,30.7362],[118.0761,30.7447],[118.0559,30.7558],[118.0423,30.7677],[118.0324,30.7732],[118.0311,30.777],[118.018,30.7761],[117.9975,30.7789],[117.9928,30.7822],[117.9887,30.7903],[117.9858,30.7929],[117.9781,30.795],[117.9688,30.795],[117.9664,30.7971],[117.9709,30.8064],[117.9896,30.8288],[117.9887,30.8353],[117.9804,30.8438],[117.9935,30.8546],[118.0078,30.8622],[118.0134,30.8623],[118.0168,30.8582],[118.019,30.8503],[118.0242,30.8457],[118.0344,30.8436],[118.0396,30.8449],[118.0412,30.843],[118.0415,30.852],[118.0459,30.8516],[118.0481,30.8555],[118.0432,30.8556],[118.0399,30.8584],[118.0426,30.8608],[118.0464,30.8615],[118.0485,30.8673],[118.0529,30.8707],[118.0569,30.8722],[118.0794,30.8666],[118.0824,30.8679],[118.0991,30.8855],[118.1225,30.8977],[118.1343,30.9021],[118.1572,30.9014],[118.1618,30.9031],[118.1648,30.9072],[118.1633,30.9132],[118.1546,30.9232],[118.1529,30.9322],[118.1578,30.9449],[118.1584,30.954],[118.1602,30.9559],[118.1558,30.9595],[118.1591,30.964],[118.1515,30.9694],[118.1438,30.9707],[118.1217,30.9679],[118.1052,30.971],[118.1006,30.977],[118.0976,30.9856],[118.0945,30.9893],[118.0889,30.9922],[118.089,30.9969],[118.0822,31.0044],[118.0835,31.0064],[118.0824,31.0111],[118.0713,31.0153],[118.0574,31.0179],[118.0459,31.0174],[118.0338,31.0196],[118.0328,31.0227],[118.0289,31.0247],[118.0311,31.0288],[118.0291,31.0321],[118.0184,31.0322],[118.0132,31.0339],[118.0102,31.0454],[118.0242,31.0657],[118.0091,31.0786],[118.0026,31.0702],[117.9958,31.0681],[117.9938,31.0728],[117.989,31.0754],[117.9896,31.0821],[117.9836,31.0894],[117.9586,31.0746],[117.95,31.0711],[117.9355,31.0677],[117.9238,31.0683],[117.8979,31.0783],[117.8904,31.086],[117.8856,31.0986],[117.885,31.1092],[117.8803,31.122],[117.8699,31.1331],[117.8597,31.1385],[117.8507,31.1402],[117.8319,31.1391],[117.8074,31.1297],[117.7813,31.1115],[117.7675,31.0961],[117.7314,31.0099],[117.721,31.0101],[117.7183,31.0191],[117.7137,31.0189],[117.7076,31.0113],[117.6975,31.0101],[117.7004,31.0025],[117.6943,30.9968],[117.6956,30.9951],[117.6948,30.9903],[117.6937,30.9889],[117.6898,30.9889],[117.6862,30.9853],[117.6886,30.9838],[117.6877,30.9811],[117.6786,30.9724],[117.6818,30.9639],[117.6803,30.9577],[117.6657,30.9557],[117.6604,30.947],[117.6605,30.9395],[117.6513,30.9504],[117.6519,30.9526],[117.6496,30.9592],[117.6468,30.9605],[117.6453,30.9587],[117.64,30.9656],[117.6264,30.9721],[117.6163,30.9726],[117.6056,30.977],[117.5926,30.9781],[117.5835,30.9707],[117.5795,30.9692],[117.5689,30.9686],[117.561,30.9742],[117.554,30.9738],[117.5516,30.9695],[117.5478,30.9673],[117.5347,30.9702],[117.5329,30.9737],[117.5345,30.9828],[117.5384,30.991],[117.5231,30.9945],[117.5075,31.0034],[117.4936,31.03],[117.4839,31.0358],[117.4826,31.0392],[117.485,31.0419],[117.4944,31.0464],[117.5121,31.0471],[117.5146,31.0488],[117.5201,31.0617],[117.5242,31.0665],[117.5287,31.0792],[117.526,31.0926],[117.5163,31.101],[117.5122,31.1066],[117.5139,31.1125],[117.5174,31.115],[117.5251,31.1149],[117.5273,31.118],[117.5278,31.1316],[117.5309,31.137],[117.5472,31.1422],[117.5524,31.1452],[117.5549,31.1491],[117.5617,31.1512],[117.5622,31.1578],[117.5596,31.1711],[117.555,31.1759],[117.5531,31.1744],[117.5526,31.1684],[117.547,31.1707],[117.5469,31.1643],[117.5404,31.1644],[117.5395,31.1677],[117.5368,31.169],[117.5368,31.1718],[117.5399,31.1718],[117.5415,31.1758],[117.54,31.1783],[117.5382,31.1768],[117.5349,31.1782],[117.539,31.1876],[117.5355,31.1897],[117.5361,31.1913],[117.5298,31.2002],[117.5557,31.2151],[117.5594,31.2231],[117.5614,31.2333],[117.5731,31.248],[117.5754,31.2558],[117.5721,31.271],[117.5906,31.275],[117.6027,31.2758],[117.6092,31.2812],[117.6183,31.2959],[117.6269,31.2983],[117.6296,31.2967],[117.6339,31.2971],[117.6369,31.3005],[117.6478,31.3208],[117.6561,31.3495],[117.6729,31.3851],[117.6771,31.3915],[117.6929,31.4073],[117.697,31.4315],[117.7056,31.4587],[117.711,31.4642],[117.7175,31.4676],[117.7435,31.4646],[117.7528,31.4706],[117.7571,31.4717],[117.7648,31.47],[117.7685,31.466],[117.7717,31.4664],[117.7768,31.4783],[117.7812,31.4828],[117.7959,31.4834],[117.8098,31.4799],[117.812,31.4769],[117.8149,31.4783],[117.8187,31.4775],[117.8231,31.4787],[117.8274,31.4857],[117.8379,31.4857],[117.8467,31.4832],[117.8613,31.4884],[117.8648,31.4869],[117.8886,31.4987],[117.9069,31.5037],[117.9178,31.5024],[117.9342,31.4886],[117.939,31.4875],[117.9455,31.4878],[117.9654,31.4982],[117.963,31.4865],[117.9648,31.484],[117.9785,31.4804],[117.9885,31.472],[117.9803,31.4668],[117.9684,31.4657],[117.9693,31.4557],[117.9761,31.4482],[117.9747,31.4376],[117.9797,31.4329],[117.9829,31.4323],[117.9867,31.4343],[117.9884,31.438],[117.9912,31.4385],[118.1651,31.3991],[118.1686,31.4034],[118.1641,31.4084],[118.1627,31.4138],[118.1712,31.4301],[118.1668,31.4308],[118.165,31.4332],[118.1588,31.4333],[118.1492,31.437],[118.1328,31.4368],[118.1288,31.442],[118.1296,31.4489],[118.1274,31.4537],[118.1288,31.4591],[118.1277,31.4614],[118.1411,31.4716],[118.1425,31.4717],[118.1426,31.4692],[118.1458,31.4673],[118.1459,31.4698],[118.1504,31.4682],[118.1513,31.47],[118.1498,31.4723],[118.1512,31.4745],[118.1449,31.4773],[118.1422,31.4839],[118.1415,31.4926],[118.1361,31.5005],[118.1341,31.5142],[118.1351,31.517],[118.139,31.5201],[118.1432,31.5181],[118.1504,31.5189],[118.1572,31.5221],[118.1679,31.5317],[118.1814,31.538],[118.1981,31.535],[118.2032,31.5263],[118.2102,31.5273],[118.2211,31.5256],[118.2367,31.529],[118.2482,31.5336],[118.2499,31.5293],[118.2524,31.5294],[118.2571,31.5226],[118.2624,31.5202],[118.2633,31.5175],[118.2648,31.5182],[118.2698,31.5153],[118.2707,31.5126],[118.2678,31.5116],[118.2677,31.5102],[118.2729,31.51],[118.2936,31.4985],[118.3033,31.5017],[118.3047,31.5039],[118.3041,31.5078],[118.31,31.5066],[118.3115,31.5033],[118.3086,31.5008],[118.3125,31.4952],[118.3177,31.4922],[118.322,31.4855],[118.3168,31.4743],[118.3147,31.4533],[118.3173,31.444],[118.3226,31.4435],[118.3335,31.4474],[118.3401,31.4535],[118.3479,31.4651],[118.3765,31.5325],[118.3928,31.5079],[118.4026,31.5015],[118.4127,31.4991],[118.4158,31.5023],[118.4208,31.4824],[118.4317,31.473],[118.4329,31.4683],[118.4318,31.4615],[118.4288,31.457],[118.4246,31.4583],[118.4246,31.4559],[118.4301,31.4361],[118.4364,31.4258],[118.4434,31.406],[118.445,31.3935],[118.4532,31.3978],[118.4613,31.3997],[118.4665,31.397],[118.468,31.3917],[118.4703,31.3938]]]]}},{"type":"Feature","properties":{"adcode":"340300","name":"蚌埠市","level":"city","center":[117.388566,32.91682],"site":"https://geojson.hxkj.vip"},"geometry":{"type":"MultiPolygon","coordinates":[[[[116.7774,33.1523],[116.7918,33.169],[116.8053,33.1561],[116.8153,33.1554],[116.8191,33.1696],[116.8176,33.1702],[116.8214,33.2028],[116.8266,33.2108],[116.8282,33.2223],[116.826,33.2308],[116.8132,33.2503],[116.8055,33.2756],[116.8005,33.2759],[116.8022,33.3061],[116.8073,33.307],[116.8177,33.3038],[116.8412,33.285],[116.8499,33.2815],[116.8674,33.2836],[116.8742,33.2969],[116.8788,33.2997],[116.9045,33.2997],[116.9174,33.3036],[116.9234,33.307],[116.9379,33.3013],[116.9502,33.2887],[116.9708,33.2786],[116.9787,33.2791],[116.9867,33.2817],[116.999,33.2785],[117.0103,33.2781],[117.0202,33.2884],[117.0254,33.2964],[117.0371,33.2928],[117.0733,33.289],[117.0955,33.2849],[117.0993,33.3078],[117.0917,33.3163],[117.0705,33.3189],[117.0652,33.3213],[117.0643,33.3328],[117.0749,33.3339],[117.0797,33.3437],[117.0939,33.347],[117.0968,33.3536],[117.0849,33.3655],[117.0719,33.3709],[117.0625,33.374],[117.0599,33.3702],[117.0512,33.3714],[117.0607,33.3923],[117.0654,33.3934],[117.0748,33.402],[117.0843,33.407],[117.094,33.3984],[117.0982,33.3991],[117.1037,33.3966],[117.1066,33.3997],[117.1082,33.3995],[117.1081,33.3909],[117.1142,33.3863],[117.123,33.3843],[117.1261,33.3811],[117.1291,33.3853],[117.1334,33.3874],[117.1437,33.4097],[117.1347,33.4197],[117.1268,33.4224],[117.1288,33.4346],[117.1363,33.4364],[117.1401,33.4422],[117.149,33.4408],[117.1531,33.4383],[117.1585,33.4585],[117.2027,33.4235],[117.208,33.4531],[117.213,33.4527],[117.2149,33.4564],[117.2172,33.4564],[117.2171,33.4593],[117.2314,33.4733],[117.2422,33.4903],[117.2431,33.5016],[117.2457,33.5016],[117.2512,33.5014],[117.2638,33.4967],[117.2987,33.4932],[117.2983,33.4974],[117.3096,33.4909],[117.3204,33.4761],[117.3452,33.4757],[117.3654,33.4709],[117.3823,33.4625],[117.3915,33.4563],[117.3963,33.4459],[117.3972,33.4342],[117.4045,33.4189],[117.4119,33.4123],[117.4146,33.4057],[117.4228,33.4011],[117.4284,33.4037],[117.4282,33.3983],[117.4258,33.3961],[117.4336,33.379],[117.4771,33.3478],[117.4843,33.3456],[117.4891,33.3473],[117.4935,33.346],[117.5074,33.3461],[117.5092,33.3423],[117.5172,33.3386],[117.5217,33.3395],[117.5298,33.3364],[117.5411,33.3286],[117.5475,33.3283],[117.5511,33.3262],[117.5531,33.3263],[117.5572,33.3302],[117.5643,33.3281],[117.5691,33.3289],[117.5807,33.3221],[117.5897,33.3233],[117.6094,33.3398],[117.6237,33.3454],[117.6319,33.3437],[117.64,33.3344],[117.6678,33.3279],[117.6715,33.3166],[117.6771,33.3099],[117.6902,33.305],[117.6927,33.2916],[117.7036,33.2881],[117.7106,33.283],[117.7281,33.2848],[117.7378,33.2751],[117.7754,33.2824],[117.7879,33.2801],[117.7933,33.2775],[117.8034,33.2788],[117.8092,33.2855],[117.8096,33.2962],[117.8145,33.2996],[117.8248,33.2991],[117.839,33.2944],[117.8466,33.2952],[117.8499,33.2977],[117.8535,33.3043],[117.8553,33.3186],[117.8592,33.325],[117.871,33.3292],[117.8944,33.3306],[117.899,33.3336],[117.8979,33.3403],[117.9092,33.3444],[117.9164,33.3339],[117.9165,33.3299],[117.9521,33.3288],[117.9733,33.3301],[117.979,33.3342],[117.993,33.3329],[117.9859,33.3203],[117.9833,33.2968],[117.9758,33.2862],[117.9742,33.2797],[117.9395,33.2626],[117.948,33.2521],[117.9465,33.2454],[117.939,33.2343],[117.9385,33.2298],[117.9424,33.2251],[117.9457,33.224],[117.9718,33.2265],[117.9775,33.2262],[117.9847,33.2225],[117.9948,33.2083],[117.9936,33.2056],[117.9863,33.2045],[117.9809,33.2002],[117.9822,33.1956],[117.9863,33.1939],[117.9892,33.1797],[117.9935,33.178],[118.002,33.1785],[118.0085,33.1679],[118.018,33.1642],[118.0262,33.1557],[118.0371,33.1523],[118.038,33.1365],[118.0437,33.1379],[118.0431,33.1455],[118.0514,33.1447],[118.0522,33.1383],[118.0705,33.1404],[118.0679,33.1351],[118.0612,33.136],[118.0504,33.1338],[118.0465,33.1317],[118.0446,33.1272],[118.0476,33.1246],[118.0507,33.1246],[118.0739,33.1351],[118.0749,33.1196],[118.0726,33.1113],[118.0648,33.0997],[118.0714,33.0868],[118.0727,33.081],[118.0708,33.0788],[118.0617,33.0747],[118.0352,33.0749],[118.0234,33.0678],[118.0153,33.0596],[118.0044,33.0553],[117.9984,33.0406],[118.0005,33.0333],[118.0052,33.0314],[118.0183,33.0345],[118.0297,33.0313],[118.0368,33.0271],[118.0384,33.0245],[118.0384,33.0218],[118.0334,33.0161],[118.0113,33.0017],[118.0037,33.0022],[117.9931,33.009],[117.9828,33.0118],[117.9764,33.0038],[117.9707,33.002],[117.9479,33.0145],[117.9377,33.0086],[117.9135,32.9876],[117.9091,32.987],[117.8994,32.9903],[117.8797,33.0027],[117.879,33.0044],[117.8925,33.0119],[117.8977,33.0174],[117.8959,33.0251],[117.8939,33.025],[117.8906,33.0318],[117.8937,33.035],[117.8868,33.0466],[117.8802,33.042],[117.8652,33.037],[117.8484,33.0345],[117.8318,33.0297],[117.8143,33.0276],[117.8071,33.0281],[117.8002,33.0312],[117.7875,33.0452],[117.7787,33.0476],[117.7734,33.0473],[117.7626,33.0408],[117.7463,33.0098],[117.7405,33.0026],[117.7336,33.0016],[117.7186,33.0064],[117.708,33.0025],[117.7057,33.0002],[117.6983,32.985],[117.6947,32.9693],[117.6792,32.9439],[117.6718,32.9188],[117.6575,32.9108],[117.6437,32.9132],[117.6367,32.9168],[117.6269,32.9248],[117.6035,32.9222],[117.59,32.9339],[117.5798,32.9386],[117.5673,32.9529],[117.5424,32.9746],[117.5312,32.9806],[117.5282,32.967],[117.5301,32.9533],[117.5286,32.939],[117.523,32.9367],[117.5194,32.937],[117.5124,32.9328],[117.5074,32.9242],[117.5052,32.9086],[117.4997,32.8976],[117.5021,32.8937],[117.5123,32.8862],[117.5136,32.8753],[117.5082,32.8688],[117.4979,32.8682],[117.4913,32.8647],[117.4842,32.8543],[117.4792,32.8429],[117.4712,32.8372],[117.4545,32.8422],[117.4323,32.8422],[117.4222,32.8466],[117.4201,32.8463],[117.418,32.8341],[117.4151,32.832],[117.4021,32.8337],[117.3921,32.837],[117.3684,32.8378],[117.3638,32.8402],[117.3551,32.8365],[117.3508,32.8292],[117.3252,32.8259],[117.314,32.8282],[117.3104,32.8256],[117.3077,32.819],[117.2982,32.8166],[117.2849,32.8174],[117.2804,32.8088],[117.2699,32.8021],[117.2655,32.8009],[117.2558,32.8057],[117.252,32.8038],[117.246,32.7969],[117.2416,32.7864],[117.2294,32.7689],[117.2141,32.752],[117.2027,32.7454],[117.1973,32.739],[117.1959,32.7347],[117.1877,32.7367],[117.182,32.736],[117.1794,32.7411],[117.1666,32.7391],[117.1604,32.7399],[117.1585,32.7457],[117.1591,32.7499],[117.156,32.7513],[117.1461,32.7513],[117.1369,32.7553],[117.1253,32.7578],[117.1,32.7485],[117.086,32.7454],[117.0834,32.7413],[117.082,32.734],[117.0909,32.7278],[117.0749,32.7175],[117.0726,32.7177],[117.0646,32.7244],[117.057,32.7221],[117.0463,32.7162],[117.0425,32.72],[117.0549,32.7266],[117.0545,32.7297],[117.0401,32.7329],[117.0378,32.7414],[117.0336,32.7474],[117.0287,32.7477],[117.0293,32.7581],[117.0239,32.7566],[117.0187,32.7574],[117.012,32.769],[117.002,32.7792],[116.9963,32.7797],[116.9967,32.7817],[116.995,32.7828],[116.9609,32.7918],[116.935,32.8087],[116.9211,32.8095],[116.9233,32.8165],[116.8972,32.8343],[116.8998,32.8372],[116.8997,32.8402],[116.8951,32.846],[116.8892,32.8473],[116.8822,32.8443],[116.8342,32.8776],[116.8406,32.8866],[116.839,32.8897],[116.8179,32.894],[116.8049,32.9026],[116.7977,32.9009],[116.791,32.905],[116.7893,32.9102],[116.7857,32.9127],[116.785,32.9172],[116.7684,32.9215],[116.763,32.9155],[116.7597,32.9188],[116.7579,32.9237],[116.7357,32.9287],[116.7427,32.9473],[116.7404,32.9598],[116.7412,32.9632],[116.7475,32.9789],[116.7546,32.9891],[116.7536,32.994],[116.7552,32.9963],[116.754,32.9989],[116.7551,33.0027],[116.7621,33.0036],[116.7669,33.0065],[116.7693,33.0049],[116.7688,33.0004],[116.7715,33.0006],[116.7742,33.004],[116.7782,33.0033],[116.7758,32.9983],[116.7775,32.9966],[116.785,32.9974],[116.7989,32.9942],[116.8,32.9953],[116.7985,32.9992],[116.8012,33.0005],[116.8048,32.9971],[116.8104,32.9953],[116.8133,32.9982],[116.8162,33.0131],[116.8149,33.0215],[116.8101,33.028],[116.8022,33.0326],[116.7525,33.0531],[116.7486,33.0608],[116.7491,33.0755],[116.7633,33.0891],[116.7657,33.0955],[116.7646,33.1148],[116.7557,33.1294],[116.7557,33.1317],[116.7572,33.1313],[116.7587,33.1356],[116.761,33.1352],[116.766,33.1467],[116.7705,33.1446],[116.7753,33.1534],[116.7774,33.1523]]]]}},{"type":"Feature","properties":{"adcode":"340400","name":"淮南市","level":"city","center":[117.018603,32.585384],"site":"https://geojson.hxkj.vip"},"geometry":{"type":"MultiPolygon","coordinates":[[[[117.2016,32.5364],[117.1949,32.5379],[117.1694,32.5359],[117.1671,32.5343],[117.1578,32.5358],[117.1555,32.5346],[117.1508,32.5266],[117.1391,32.5202],[117.1271,32.5248],[117.1152,32.522],[117.1107,32.5278],[117.1061,32.5307],[117.1032,32.5289],[117.1004,32.5305],[117.0959,32.5301],[117.0941,32.5323],[117.0849,32.5305],[117.0834,32.5277],[117.0755,32.5232],[117.0735,32.5166],[117.0765,32.5156],[117.0796,32.5116],[117.0785,32.5021],[117.0745,32.4981],[117.0747,32.4917],[117.0698,32.4868],[117.0737,32.4744],[117.0732,32.4679],[117.0703,32.4616],[117.0484,32.4408],[117.0484,32.4306],[117.0437,32.4218],[117.0412,32.421],[117.0397,32.416],[117.0266,32.4138],[117.0156,32.406],[117.0092,32.4046],[117.0074,32.4018],[117.0078,32.3931],[117.0046,32.3862],[117.0239,32.3827],[117.0423,32.3854],[117.045,32.3841],[117.0461,32.3738],[117.043,32.3578],[117.0437,32.3478],[117.0379,32.3422],[117.0433,32.333],[117.0473,32.3324],[117.0521,32.3355],[117.0583,32.3334],[117.0592,32.3312],[117.0509,32.3217],[117.0476,32.3202],[117.0449,32.3103],[117.0381,32.3027],[117.0357,32.2947],[117.0362,32.2892],[117.0416,32.2756],[117.0462,32.2763],[117.0576,32.2842],[117.0614,32.2846],[117.0647,32.2828],[117.0701,32.2754],[117.0722,32.2663],[117.0673,32.2559],[117.0624,32.2383],[117.0524,32.2284],[117.0473,32.2252],[117.0405,32.2236],[117.0137,32.2228],[117.0088,32.22],[117.0039,32.2145],[117.0044,32.2029],[117.0117,32.1975],[117.0253,32.1909],[117.0245,32.1776],[117.019,32.1689],[117.0074,32.162],[116.9984,32.1604],[116.9833,32.1619],[116.9803,32.1608],[116.9787,32.1578],[116.9792,32.1482],[116.986,32.1282],[116.99,32.122],[116.9976,32.1177],[117.0068,32.1168],[117.0103,32.115],[117.0076,32.1135],[117.0125,32.1122],[117.0195,32.098],[117.0235,32.0744],[117.0257,32.0703],[117.0305,32.0646],[117.0411,32.0589],[117.047,32.0518],[117.0467,32.0412],[117.0446,32.0332],[117.0408,32.0242],[117.0299,32.007],[117.0352,32.0043],[117.0318,31.9977],[117.0279,31.994],[117.0224,31.9927],[117.0137,31.9942],[117.008,31.9898],[116.9986,31.9913],[116.9969,31.9941],[116.9987,32.0016],[116.9967,32.0064],[116.9856,32.0139],[116.9803,32.0122],[116.9777,32.0153],[116.9716,32.0147],[116.9713,32.0163],[116.9625,32.0132],[116.9598,32.0146],[116.9571,32.0224],[116.9404,32.0277],[116.9326,32.022],[116.9296,32.0179],[116.9242,32.0154],[116.9238,32.0135],[116.9289,32.0063],[116.9292,31.9987],[116.9374,31.9895],[116.921,31.9806],[116.8792,31.9743],[116.8654,31.9694],[116.8593,31.9605],[116.8558,31.9581],[116.8563,31.9525],[116.8537,31.9513],[116.8523,31.9543],[116.8477,31.9502],[116.8491,31.9479],[116.8449,31.9455],[116.8457,31.9396],[116.8407,31.9376],[116.8384,31.9321],[116.8325,31.9329],[116.831,31.9286],[116.8237,31.9291],[116.8256,31.9258],[116.8229,31.9255],[116.8194,31.9212],[116.8201,31.9198],[116.8173,31.9176],[116.8098,31.9194],[116.8082,31.9183],[116.8024,31.9191],[116.8015,31.9205],[116.7953,31.9215],[116.7874,31.9191],[116.7872,31.9158],[116.7835,31.9132],[116.7786,31.9154],[116.776,31.9137],[116.7734,31.9141],[116.7723,31.9104],[116.7641,31.915],[116.7485,31.919],[116.738,31.9193],[116.7231,31.9167],[116.7024,31.9051],[116.6877,31.9034],[116.6821,31.9096],[116.6805,31.9156],[116.6805,31.9573],[116.6819,31.968],[116.678,31.9763],[116.665,31.9789],[116.6126,32.0009],[116.6053,32.0077],[116.5868,32.0188],[116.5642,32.022],[116.5617,32.023],[116.5631,32.0251],[116.5617,32.0255],[116.5621,32.0269],[116.5604,32.0271],[116.558,32.0238],[116.5468,32.0281],[116.5496,32.0326],[116.552,32.0444],[116.55,32.046],[116.5459,32.0566],[116.5424,32.0602],[116.544,32.0677],[116.55,32.0739],[116.5478,32.0734],[116.5494,32.0788],[116.5421,32.09],[116.5332,32.0979],[116.5247,32.1165],[116.5302,32.1343],[116.5291,32.1453],[116.5266,32.1518],[116.5192,32.1573],[116.5155,32.1635],[116.5093,32.1847],[116.5171,32.1944],[116.5156,32.2027],[116.5011,32.2154],[116.5061,32.2199],[116.5221,32.2253],[116.5316,32.238],[116.5304,32.2465],[116.5231,32.2619],[116.5278,32.2647],[116.529,32.2731],[116.5227,32.298],[116.5225,32.3115],[116.5212,32.3159],[116.5161,32.3206],[116.5065,32.3444],[116.4913,32.353],[116.4842,32.3603],[116.4811,32.3753],[116.4854,32.388],[116.4922,32.3958],[116.4913,32.3986],[116.4802,32.4067],[116.4785,32.4109],[116.4821,32.4201],[116.4848,32.4393],[116.4905,32.4484],[116.4947,32.4653],[116.51,32.4606],[116.5226,32.4865],[116.5237,32.5092],[116.5666,32.5442],[116.6138,32.5448],[116.6351,32.5539],[116.6334,32.5616],[116.628,32.5771],[116.6239,32.5816],[116.6172,32.5844],[116.5994,32.5893],[116.5547,32.5859],[116.5559,32.6],[116.5508,32.6021],[116.5401,32.603],[116.54,32.6103],[116.5379,32.6155],[116.5417,32.6181],[116.5427,32.6207],[116.5417,32.6229],[116.5364,32.6255],[116.5343,32.6348],[116.5279,32.6474],[116.5267,32.6565],[116.5249,32.6596],[116.5054,32.6635],[116.5038,32.6686],[116.5042,32.6777],[116.5022,32.681],[116.4893,32.6818],[116.4872,32.678],[116.4718,32.6805],[116.4629,32.6787],[116.4592,32.6845],[116.4525,32.6881],[116.4507,32.6953],[116.4455,32.6973],[116.4466,32.7016],[116.444,32.7041],[116.4441,32.7066],[116.4476,32.7131],[116.4523,32.7126],[116.4554,32.7299],[116.4452,32.733],[116.4448,32.7431],[116.4431,32.7462],[116.4474,32.761],[116.4468,32.778],[116.4493,32.7868],[116.4408,32.8036],[116.4425,32.8092],[116.4492,32.8139],[116.4429,32.8167],[116.4396,32.8216],[116.4445,32.8318],[116.4456,32.8435],[116.44,32.8487],[116.4232,32.8576],[116.4173,32.8572],[116.4087,32.8538],[116.402,32.8536],[116.3913,32.8561],[116.3871,32.8604],[116.3866,32.8684],[116.3917,32.8774],[116.395,32.8875],[116.3955,32.8928],[116.3926,32.9018],[116.3939,32.9108],[116.3857,32.9216],[116.3775,32.9282],[116.3776,32.9315],[116.3752,32.931],[116.3695,32.9351],[116.3656,32.9337],[116.3617,32.9295],[116.361,32.9306],[116.36,32.9297],[116.3589,32.9327],[116.3678,32.9395],[116.3681,32.9441],[116.3666,32.9455],[116.3652,32.9447],[116.3673,32.9459],[116.3669,32.9477],[116.3717,32.9552],[116.3688,32.9591],[116.37,32.9631],[116.3725,32.9628],[116.374,32.9681],[116.378,32.9679],[116.3784,32.9779],[116.3773,32.978],[116.3777,32.9812],[116.3759,32.9817],[116.3763,32.9864],[116.3783,32.9867],[116.3765,32.9923],[116.3772,32.9969],[116.3824,33.0048],[116.4464,32.9849],[116.6279,32.9415],[116.6746,32.9399],[116.7057,32.937],[116.7579,32.9237],[116.7597,32.9188],[116.763,32.9155],[116.7684,32.9215],[116.785,32.9172],[116.7857,32.9127],[116.7893,32.9102],[116.791,32.905],[116.7977,32.9009],[116.8049,32.9026],[116.8179,32.894],[116.839,32.8897],[116.8406,32.8866],[116.8342,32.8776],[116.8822,32.8443],[116.8892,32.8473],[116.8951,32.846],[116.8997,32.8402],[116.8998,32.8372],[116.8972,32.8343],[116.9233,32.8165],[116.9211,32.8095],[116.935,32.8087],[116.9609,32.7918],[116.995,32.7828],[116.9967,32.7817],[116.9963,32.7797],[117.002,32.7792],[117.012,32.769],[117.0187,32.7574],[117.0239,32.7566],[117.0293,32.7581],[117.0287,32.7477],[117.0336,32.7474],[117.0378,32.7414],[117.0401,32.7329],[117.0545,32.7297],[117.0549,32.7266],[117.0425,32.72],[117.0463,32.7162],[117.057,32.7221],[117.0646,32.7244],[117.0726,32.7177],[117.0749,32.7175],[117.0909,32.7278],[117.082,32.734],[117.0834,32.7413],[117.086,32.7454],[117.1,32.7485],[117.1253,32.7578],[117.1369,32.7553],[117.1461,32.7513],[117.156,32.7513],[117.1591,32.7499],[117.1585,32.7457],[117.1604,32.7399],[117.1666,32.7391],[117.1794,32.7411],[117.182,32.736],[117.1877,32.7367],[117.1959,32.7347],[117.1961,32.7327],[117.2066,32.7268],[117.1898,32.7168],[117.1859,32.6986],[117.1843,32.6967],[117.1748,32.6944],[117.1694,32.6897],[117.1623,32.6868],[117.1609,32.6819],[117.1613,32.6796],[117.171,32.6683],[117.175,32.6535],[117.196,32.6087],[117.1971,32.5854],[117.1991,32.5798],[117.2067,32.5679],[117.2147,32.5603],[117.2144,32.5508],[117.2114,32.5466],[117.2032,32.5424],[117.2022,32.5393],[117.2016,32.5364]]]]}},{"type":"Feature","properties":{"adcode":"340500","name":"马鞍山市","level":"city","center":[118.50685,31.668765],"site":"https://geojson.hxkj.vip"},"geometry":{"type":"MultiPolygon","coordinates":[[[[118.8568,31.5065],[118.8646,31.5171],[118.8685,31.5168],[118.8703,31.5189],[118.8858,31.5189],[118.8837,31.5002],[118.8568,31.5065]]],[[[118.4035,31.9774],[118.4047,31.975],[118.4029,31.9748],[118.4031,31.9772],[118.4035,31.9774]]],[[[118.3564,31.9418],[118.3665,31.9394],[118.3648,31.937],[118.3564,31.9418]]],[[[118.4225,31.4804],[118.4208,31.4824],[118.4158,31.5023],[118.4127,31.4991],[118.4026,31.5015],[118.3928,31.5079],[118.3765,31.5325],[118.3545,31.4785],[118.3451,31.4608],[118.3335,31.4474],[118.3262,31.4441],[118.3173,31.444],[118.3147,31.4533],[118.3151,31.4615],[118.3176,31.4774],[118.322,31.4855],[118.3177,31.4922],[118.3125,31.4952],[118.3086,31.5008],[118.3115,31.5033],[118.3093,31.5071],[118.3041,31.5078],[118.3047,31.5039],[118.3033,31.5017],[118.298,31.5009],[118.2946,31.4981],[118.2729,31.51],[118.2677,31.5102],[118.2678,31.5116],[118.2707,31.5126],[118.2698,31.5153],[118.2648,31.5182],[118.2633,31.5175],[118.2624,31.5202],[118.2571,31.5226],[118.2524,31.5294],[118.2499,31.5293],[118.2482,31.5336],[118.2367,31.529],[118.2211,31.5256],[118.2102,31.5273],[118.2032,31.5263],[118.1981,31.535],[118.1814,31.538],[118.1679,31.5317],[118.1537,31.5203],[118.1469,31.5181],[118.1406,31.5184],[118.139,31.5201],[118.1351,31.517],[118.1341,31.5142],[118.1361,31.5005],[118.1415,31.4926],[118.1422,31.4839],[118.1449,31.4773],[118.1512,31.4745],[118.1498,31.4723],[118.1513,31.47],[118.1504,31.4682],[118.1459,31.4698],[118.1458,31.4673],[118.1426,31.4692],[118.1425,31.4717],[118.1411,31.4716],[118.1277,31.4614],[118.1288,31.4591],[118.1274,31.4537],[118.1296,31.4489],[118.1288,31.442],[118.1317,31.4372],[118.1492,31.437],[118.1588,31.4333],[118.165,31.4332],[118.1668,31.4308],[118.1712,31.4301],[118.1627,31.4138],[118.1641,31.4084],[118.1686,31.4034],[118.1658,31.3994],[117.9912,31.4385],[117.9884,31.438],[117.9867,31.4343],[117.9829,31.4323],[117.9797,31.4329],[117.9747,31.4376],[117.9761,31.4482],[117.9693,31.4557],[117.9684,31.4657],[117.9803,31.4668],[117.9885,31.472],[117.9785,31.4804],[117.9648,31.484],[117.963,31.4865],[117.9658,31.5038],[117.9583,31.5074],[117.9546,31.5185],[117.9418,31.5221],[117.9397,31.524],[117.9509,31.5352],[117.952,31.5386],[117.951,31.5399],[117.9417,31.5407],[117.9302,31.5376],[117.9281,31.5384],[117.9198,31.5492],[117.9137,31.5496],[117.9083,31.5469],[117.9073,31.5491],[117.9087,31.5526],[117.9074,31.5576],[117.914,31.5606],[117.9139,31.565],[117.9182,31.5671],[117.9283,31.5682],[117.9302,31.5736],[117.9351,31.5778],[117.9353,31.5805],[117.9308,31.5811],[117.9293,31.5857],[117.9299,31.5876],[117.9347,31.5869],[117.936,31.5889],[117.9354,31.5986],[117.9318,31.6057],[117.9372,31.6105],[117.9346,31.6181],[117.9384,31.6211],[117.9411,31.6269],[117.9459,31.6284],[117.9627,31.6272],[117.9591,31.6225],[117.9608,31.6167],[117.972,31.6209],[117.9733,31.6385],[117.969,31.6421],[117.9652,31.6534],[117.9677,31.6553],[117.9647,31.6564],[117.9639,31.6594],[117.9677,31.6621],[117.9551,31.6662],[117.9493,31.6714],[117.9392,31.6714],[117.9416,31.6738],[117.9414,31.6791],[117.9341,31.6808],[117.928,31.6853],[117.9226,31.6933],[117.9158,31.6987],[117.9132,31.704],[117.9131,31.7154],[117.92,31.7283],[117.9201,31.7341],[117.9183,31.7416],[117.9156,31.7444],[117.9153,31.7503],[117.9163,31.7531],[117.9251,31.7603],[117.9183,31.7646],[117.9095,31.7674],[117.9058,31.7709],[117.9059,31.7776],[117.9134,31.7875],[117.9054,31.8005],[117.9014,31.8118],[117.9108,31.8378],[117.9139,31.8409],[117.928,31.8482],[117.9357,31.8555],[117.9432,31.873],[117.9496,31.8958],[117.948,31.9022],[117.9494,31.9045],[117.9518,31.9062],[117.9548,31.903],[117.9643,31.9016],[117.9888,31.8815],[118.0316,31.8643],[118.0448,31.8595],[118.0618,31.8585],[118.0723,31.851],[118.0795,31.8541],[118.084,31.8538],[118.084,31.8658],[118.0875,31.8714],[118.0859,31.8775],[118.1069,31.8895],[118.1186,31.9052],[118.1208,31.9061],[118.132,31.9033],[118.1478,31.908],[118.1711,31.9001],[118.1757,31.9016],[118.1818,31.9076],[118.1873,31.9192],[118.2039,31.9277],[118.2235,31.9288],[118.229,31.9309],[118.2812,31.971],[118.2889,31.9786],[118.2967,31.9829],[118.3047,31.9908],[118.3101,31.9926],[118.3078,31.9961],[118.3111,32.005],[118.3162,32.0087],[118.3172,32.013],[118.3226,32.0188],[118.3259,32.0199],[118.3273,32.0232],[118.3402,32.0302],[118.3435,32.0294],[118.3571,32.037],[118.3636,32.0435],[118.3735,32.0474],[118.3736,32.0566],[118.3833,32.0596],[118.3872,32.0545],[118.3927,32.0525],[118.3944,32.0484],[118.3881,32.0425],[118.3866,32.0302],[118.4011,32.0217],[118.4009,32.0175],[118.3923,32.0166],[118.3896,32.012],[118.3896,31.9996],[118.396,31.9933],[118.3872,31.9833],[118.3758,31.9808],[118.3803,31.9721],[118.38,31.9684],[118.369,31.9562],[118.3695,31.9442],[118.3665,31.9394],[118.3565,31.9427],[118.347,31.9542],[118.3446,31.9549],[118.3431,31.9531],[118.349,31.9448],[118.3648,31.937],[118.3638,31.9307],[118.378,31.9229],[118.3791,31.916],[118.3769,31.9161],[118.374,31.9135],[118.3759,31.9104],[118.3808,31.912],[118.3828,31.9082],[118.3941,31.916],[118.403,31.914],[118.4081,31.9101],[118.4122,31.9056],[118.4143,31.8995],[118.4137,31.8951],[118.4155,31.8868],[118.4184,31.8841],[118.4229,31.8837],[118.4279,31.8891],[118.4279,31.8932],[118.4241,31.896],[118.4256,31.8978],[118.4401,31.8927],[118.4438,31.8886],[118.4492,31.8873],[118.4525,31.8842],[118.4657,31.8839],[118.4685,31.8858],[118.4788,31.8824],[118.4774,31.8782],[118.48,31.874],[118.4765,31.8745],[118.4766,31.8722],[118.4724,31.8679],[118.469,31.8697],[118.4654,31.8675],[118.4649,31.8628],[118.4676,31.8567],[118.4723,31.8544],[118.4754,31.8503],[118.4906,31.8432],[118.5047,31.8417],[118.4861,31.7954],[118.4826,31.7802],[118.4858,31.777],[118.4927,31.7762],[118.5032,31.7781],[118.5043,31.7725],[118.5088,31.7669],[118.5231,31.7621],[118.5339,31.7672],[118.5367,31.7666],[118.5385,31.762],[118.5455,31.7622],[118.5474,31.7593],[118.5463,31.7583],[118.5398,31.7587],[118.5375,31.754],[118.5387,31.7494],[118.5294,31.7485],[118.5236,31.7455],[118.5221,31.7431],[118.53,31.7423],[118.5311,31.7363],[118.5363,31.7386],[118.5441,31.7316],[118.5469,31.7366],[118.5487,31.7372],[118.5548,31.7282],[118.5572,31.7296],[118.5622,31.7379],[118.5717,31.7462],[118.5753,31.7409],[118.5794,31.7407],[118.5931,31.7444],[118.6007,31.754],[118.6061,31.757],[118.6093,31.7572],[118.6174,31.7511],[118.6271,31.7595],[118.6414,31.7585],[118.6429,31.7539],[118.6475,31.7513],[118.6484,31.7491],[118.6416,31.7437],[118.6461,31.7403],[118.6521,31.7398],[118.6508,31.7336],[118.6522,31.7312],[118.6773,31.7286],[118.6849,31.7249],[118.6873,31.721],[118.6873,31.7162],[118.6977,31.7094],[118.6926,31.7074],[118.6807,31.6966],[118.6739,31.6965],[118.6716,31.695],[118.6702,31.6927],[118.6714,31.6882],[118.6628,31.6802],[118.6552,31.6757],[118.65,31.6799],[118.647,31.6799],[118.6432,31.6713],[118.6485,31.6623],[118.6436,31.65],[118.6448,31.6471],[118.6496,31.6471],[118.6578,31.6411],[118.6738,31.6405],[118.6867,31.6359],[118.695,31.6397],[118.7045,31.6385],[118.7116,31.6424],[118.7165,31.6397],[118.7149,31.6355],[118.7179,31.6339],[118.7194,31.6276],[118.7228,31.6275],[118.7282,31.6342],[118.7299,31.633],[118.7327,31.6338],[118.7336,31.6321],[118.7367,31.634],[118.7365,31.6393],[118.7399,31.6426],[118.7384,31.6468],[118.7414,31.6486],[118.7394,31.6511],[118.7452,31.6567],[118.7438,31.6605],[118.7443,31.6679],[118.7489,31.6731],[118.7481,31.6757],[118.7605,31.6803],[118.7683,31.6775],[118.7741,31.6826],[118.7797,31.6801],[118.7887,31.6719],[118.7982,31.6687],[118.799,31.6664],[118.7923,31.6592],[118.7829,31.6562],[118.7837,31.6517],[118.7896,31.6466],[118.788,31.6425],[118.7927,31.6361],[118.7904,31.6301],[118.796,31.6283],[118.8049,31.6184],[118.8145,31.6192],[118.8178,31.6209],[118.8206,31.6232],[118.8198,31.6286],[118.8332,31.6306],[118.849,31.6245],[118.8582,31.6242],[118.8631,31.6155],[118.8687,31.6114],[118.8708,31.5993],[118.8625,31.5952],[118.8619,31.5934],[118.8653,31.5918],[118.8751,31.5916],[118.8773,31.5899],[118.8732,31.5744],[118.8815,31.5657],[118.8822,31.5625],[118.8784,31.5629],[118.8699,31.5572],[118.8758,31.5473],[118.8755,31.5429],[118.8733,31.5408],[118.8735,31.5323],[118.8794,31.5329],[118.8839,31.5315],[118.8863,31.5277],[118.8858,31.5189],[118.8703,31.5189],[118.8721,31.5254],[118.8675,31.5295],[118.8645,31.5289],[118.8532,31.5218],[118.8456,31.5057],[118.8488,31.5023],[118.8525,31.5025],[118.8568,31.5065],[118.8837,31.5002],[118.8778,31.4787],[118.8704,31.4627],[118.8661,31.4453],[118.8687,31.4226],[118.8548,31.4044],[118.8495,31.392],[118.8474,31.3939],[118.8352,31.3839],[118.8365,31.3819],[118.8243,31.3756],[118.8003,31.369],[118.7845,31.3686],[118.7701,31.363],[118.7673,31.3648],[118.7709,31.3769],[118.7654,31.3879],[118.7546,31.3851],[118.7457,31.3727],[118.7351,31.3448],[118.7239,31.3255],[118.722,31.3229],[118.7132,31.3205],[118.7034,31.3074],[118.6932,31.3091],[118.6817,31.3043],[118.6727,31.3059],[118.6522,31.3045],[118.639,31.2985],[118.6239,31.2976],[118.6175,31.2941],[118.6077,31.2959],[118.5963,31.2947],[118.5831,31.2909],[118.5751,31.2914],[118.5726,31.3003],[118.5664,31.3023],[118.5646,31.3094],[118.5551,31.3188],[118.5569,31.3258],[118.5513,31.332],[118.5506,31.3348],[118.5577,31.3464],[118.5535,31.3551],[118.5519,31.357],[118.5447,31.3589],[118.5432,31.3611],[118.5437,31.3656],[118.5296,31.3744],[118.5233,31.3805],[118.525,31.4018],[118.515,31.4032],[118.5108,31.4063],[118.5001,31.4066],[118.491,31.4036],[118.4851,31.3959],[118.4845,31.3925],[118.4703,31.3938],[118.467,31.3918],[118.4665,31.397],[118.4613,31.3997],[118.4532,31.3978],[118.445,31.3935],[118.4434,31.406],[118.4364,31.4258],[118.4301,31.4361],[118.4246,31.4559],[118.4248,31.4584],[118.4288,31.457],[118.4318,31.4615],[118.4329,31.4683],[118.4317,31.473],[118.4232,31.4791],[118.4225,31.4804]]]]}},{"type":"Feature","properties":{"adcode":"340600","name":"淮北市","level":"city","center":[116.798362,33.956264],"site":"https://geojson.hxkj.vip"},"geometry":{"type":"MultiPolygon","coordinates":[[[[116.9817,34.1745],[116.9791,34.1763],[116.982,34.1812],[116.9767,34.1822],[116.9773,34.1867],[116.981,34.189],[116.9818,34.1913],[116.9803,34.1959],[116.9954,34.2063],[116.9888,34.2052],[116.9946,34.2228],[117.0019,34.2261],[117.009,34.2333],[117.0091,34.2204],[117.0127,34.2173],[117.0158,34.2184],[117.0157,34.2165],[117.0217,34.2137],[117.0215,34.2161],[117.0233,34.2159],[117.0302,34.2214],[117.0285,34.2247],[117.0319,34.2248],[117.0321,34.2226],[117.0343,34.2237],[117.0339,34.2282],[117.0366,34.2284],[117.0311,34.2428],[117.0421,34.2487],[117.0455,34.2476],[117.0496,34.2424],[117.0498,34.2392],[117.0446,34.2329],[117.0449,34.2247],[117.0481,34.2246],[117.051,34.2216],[117.0465,34.2131],[117.0473,34.2058],[117.0403,34.2015],[117.0371,34.193],[117.0293,34.1828],[117.028,34.1729],[117.0253,34.1672],[117.0315,34.1667],[117.031,34.161],[117.0327,34.1562],[117.0233,34.1617],[117.0131,34.1498],[117.0084,34.1533],[117.0078,34.1517],[117.0049,34.1514],[117.0034,34.1443],[116.9803,34.1392],[116.9722,34.1533],[116.9755,34.1663],[116.9762,34.1676],[116.9824,34.1666],[116.979,34.1546],[116.9831,34.1536],[116.985,34.1575],[116.9868,34.1568],[116.9888,34.1596],[116.987,34.1604],[116.9888,34.1629],[116.99,34.1624],[116.9913,34.165],[116.9947,34.164],[116.9968,34.1707],[116.9849,34.1744],[116.9862,34.1775],[116.9895,34.1769],[116.9906,34.1804],[116.9841,34.1783],[116.9821,34.1753],[116.9817,34.1745]]],[[[116.8899,33.6746],[116.8808,33.6769],[116.8764,33.6764],[116.8737,33.6759],[116.8707,33.6716],[116.8696,33.6619],[116.8718,33.6505],[116.871,33.644],[116.8679,33.6374],[116.8608,33.6287],[116.8597,33.6243],[116.8644,33.6064],[116.8683,33.5965],[116.8737,33.5896],[116.8858,33.58],[116.8957,33.5765],[116.8995,33.5721],[116.9073,33.576],[116.9122,33.5743],[116.9152,33.5783],[116.9198,33.5768],[116.9267,33.5772],[116.9334,33.5806],[116.9371,33.5798],[116.9374,33.5764],[116.9343,33.5721],[116.9288,33.5554],[116.9269,33.5547],[116.9253,33.5498],[116.9289,33.5494],[116.9279,33.5439],[116.9202,33.543],[116.9171,33.5385],[116.9136,33.5397],[116.9035,33.5041],[116.9119,33.5015],[116.9127,33.4991],[116.9151,33.4987],[116.9156,33.4964],[116.9196,33.4929],[116.9034,33.479],[116.9049,33.4771],[116.9112,33.4764],[116.914,33.4731],[116.9288,33.4708],[116.9308,33.4602],[116.9417,33.4529],[116.9588,33.4523],[116.9599,33.4454],[116.9668,33.4433],[116.9662,33.4331],[116.9714,33.4296],[116.9652,33.4191],[116.966,33.4159],[116.9696,33.414],[116.9642,33.4004],[116.9738,33.3913],[116.9665,33.3877],[116.9589,33.3808],[116.9572,33.3745],[116.9429,33.3774],[116.9411,33.3765],[116.9334,33.3611],[116.9272,33.358],[116.9242,33.3466],[116.9216,33.3448],[116.9164,33.3459],[116.9139,33.3446],[116.9159,33.3397],[116.921,33.3354],[116.9183,33.3285],[116.9224,33.328],[116.9273,33.3247],[116.9294,33.3203],[116.9294,33.3171],[116.9234,33.307],[116.9174,33.3036],[116.9045,33.2997],[116.8788,33.2997],[116.8742,33.2969],[116.8674,33.2836],[116.8499,33.2815],[116.8412,33.285],[116.8177,33.3038],[116.8073,33.307],[116.8022,33.3061],[116.8019,33.3039],[116.8001,33.3043],[116.7962,33.3072],[116.7945,33.3116],[116.7925,33.3119],[116.7891,33.3198],[116.7888,33.3269],[116.7905,33.333],[116.7873,33.3391],[116.7874,33.3473],[116.791,33.3485],[116.7941,33.3548],[116.7941,33.3568],[116.791,33.3578],[116.7909,33.36],[116.8008,33.3839],[116.7976,33.3998],[116.7963,33.4004],[116.7966,33.403],[116.7989,33.4035],[116.8004,33.413],[116.7989,33.4157],[116.8044,33.4203],[116.8126,33.4229],[116.7957,33.4247],[116.762,33.435],[116.7459,33.4491],[116.7349,33.4513],[116.7204,33.4511],[116.7176,33.4532],[116.7091,33.4667],[116.7,33.474],[116.6872,33.478],[116.6657,33.4746],[116.6424,33.4776],[116.6364,33.485],[116.6235,33.4855],[116.6128,33.4819],[116.5936,33.4801],[116.5889,33.4759],[116.5862,33.4756],[116.5822,33.4712],[116.5683,33.4663],[116.553,33.4661],[116.5448,33.4693],[116.5381,33.469],[116.5352,33.4711],[116.535,33.4832],[116.5331,33.4902],[116.534,33.498],[116.5382,33.5056],[116.5391,33.5132],[116.5345,33.5204],[116.5347,33.5251],[116.5247,33.5305],[116.5246,33.5332],[116.5273,33.5341],[116.5266,33.5399],[116.5284,33.5417],[116.5255,33.5515],[116.529,33.5627],[116.532,33.5656],[116.548,33.5701],[116.5478,33.574],[116.5436,33.5756],[116.543,33.5792],[116.5413,33.5795],[116.5407,33.5876],[116.5432,33.5889],[116.5515,33.5886],[116.5511,33.5966],[116.5438,33.5979],[116.5425,33.6028],[116.5338,33.6146],[116.5055,33.619],[116.5038,33.6313],[116.4899,33.6462],[116.4817,33.6519],[116.4811,33.6543],[116.4859,33.6661],[116.4921,33.6684],[116.4924,33.6813],[116.4893,33.6853],[116.4893,33.6896],[116.4851,33.6907],[116.4842,33.6979],[116.4786,33.698],[116.4794,33.7087],[116.4755,33.7092],[116.4721,33.7154],[116.4636,33.7197],[116.4628,33.73],[116.46,33.7341],[116.4415,33.739],[116.4332,33.7397],[116.436,33.7523],[116.4358,33.7622],[116.4229,33.7612],[116.4068,33.7624],[116.4082,33.7704],[116.4072,33.7725],[116.4033,33.7774],[116.395,33.7788],[116.3937,33.7831],[116.4041,33.8],[116.4057,33.7994],[116.4083,33.8055],[116.415,33.8034],[116.4226,33.7957],[116.4258,33.7976],[116.4326,33.7953],[116.4361,33.7998],[116.437,33.8031],[116.4332,33.8137],[116.433,33.8188],[116.4376,33.8384],[116.4373,33.8465],[116.453,33.847],[116.4535,33.8495],[116.4587,33.8518],[116.4602,33.8599],[116.4639,33.8601],[116.4653,33.8618],[116.474,33.8613],[116.4819,33.8661],[116.4849,33.8698],[116.5019,33.8647],[116.5032,33.867],[116.5062,33.8664],[116.5087,33.8697],[116.5157,33.8665],[116.5169,33.8694],[116.5213,33.8685],[116.5235,33.8797],[116.5293,33.88],[116.5295,33.8824],[116.5318,33.8819],[116.5325,33.8835],[116.5369,33.8823],[116.5369,33.8777],[116.5393,33.8742],[116.5456,33.8767],[116.5467,33.8825],[116.5584,33.8815],[116.5585,33.8862],[116.5574,33.8882],[116.5551,33.8883],[116.5584,33.9017],[116.564,33.9075],[116.5803,33.9083],[116.5801,33.9066],[116.5838,33.9062],[116.5827,33.902],[116.6068,33.8976],[116.6273,33.8886],[116.635,33.8882],[116.6411,33.8901],[116.6432,33.8968],[116.6386,33.9103],[116.6385,33.9172],[116.6458,33.9299],[116.64,33.9489],[116.6503,33.9591],[116.6516,33.9649],[116.648,33.9733],[116.6449,33.9738],[116.6412,33.9779],[116.6335,33.9771],[116.6338,33.9808],[116.6297,33.982],[116.6299,33.984],[116.6221,33.9847],[116.6226,33.9897],[116.6072,33.9999],[116.6057,34.0024],[116.6074,34.0071],[116.6032,34.0079],[116.6036,34.0094],[116.6013,34.0101],[116.5997,34.0137],[116.6024,34.0135],[116.5999,34.0145],[116.6028,34.0147],[116.6042,34.0214],[116.6246,34.0176],[116.6336,34.0208],[116.6379,34.0184],[116.6436,34.0178],[116.6474,34.0184],[116.6488,34.0214],[116.6624,34.0182],[116.681,34.01],[116.6828,34.0102],[116.6839,34.0138],[116.6899,34.0162],[116.7039,34.0094],[116.7111,34.0142],[116.7214,34.0141],[116.7306,34.0162],[116.7332,34.015],[116.7343,34.0121],[116.7458,34.017],[116.7498,34.0168],[116.7524,34.013],[116.7844,34.0113],[116.7841,34.0073],[116.7962,34.0034],[116.7978,33.9948],[116.8025,33.9935],[116.805,33.9988],[116.8042,34.0022],[116.8077,34.0124],[116.8057,34.026],[116.8019,34.0324],[116.8083,34.064],[116.8117,34.0679],[116.8062,34.077],[116.8194,34.0862],[116.8164,34.0789],[116.8166,34.0728],[116.8284,34.0586],[116.8322,34.0613],[116.8335,34.0662],[116.8459,34.0698],[116.8479,34.0764],[116.8468,34.0807],[116.8507,34.0825],[116.8536,34.0818],[116.8705,34.077],[116.8741,34.074],[116.8889,34.0827],[116.8994,34.0927],[116.9032,34.0989],[116.9089,34.099],[116.9287,34.0912],[116.9319,34.0867],[116.9296,34.0806],[116.9556,34.0778],[116.9609,34.0802],[116.9731,34.079],[116.9617,34.0642],[116.9485,34.053],[116.947,34.0491],[116.9472,34.0435],[116.9502,34.0374],[116.9477,34.031],[116.9592,34.0305],[116.9672,34.0289],[116.9679,34.0269],[116.9708,34.0265],[116.9694,34.0137],[116.972,34.0137],[116.9786,34.0072],[116.974,33.9987],[116.9774,33.9941],[116.9763,33.9911],[116.9732,33.9882],[116.9732,33.9854],[116.9696,33.9818],[116.9658,33.9805],[116.9573,33.9676],[116.9709,33.9618],[116.9774,33.9615],[116.9837,33.965],[116.9913,33.9618],[116.994,33.9568],[116.9916,33.9514],[116.9989,33.9453],[116.9996,33.9395],[116.9905,33.925],[116.9936,33.9177],[116.9971,33.9142],[116.9938,33.9061],[116.987,33.8995],[116.981,33.9003],[116.9753,33.8957],[116.9628,33.8929],[116.9604,33.8871],[116.9581,33.8702],[116.9585,33.8497],[116.9512,33.831],[116.9518,33.8191],[116.9496,33.8088],[116.9501,33.7883],[116.9477,33.7851],[116.9476,33.779],[116.9421,33.7728],[116.9439,33.7565],[116.9481,33.7526],[116.9508,33.7461],[116.938,33.7464],[116.9344,33.7482],[116.9322,33.7452],[116.933,33.7314],[116.9371,33.7197],[116.9393,33.7051],[116.9279,33.7023],[116.9289,33.6709],[116.8992,33.6789],[116.8987,33.6913],[116.8964,33.6911],[116.8949,33.6867],[116.8935,33.6862],[116.8911,33.6885],[116.8899,33.6803],[116.8899,33.6746]]]]}},{"type":"Feature","properties":{"adcode":"340700","name":"铜陵市","level":"city","center":[117.811298,30.945214],"site":"https://geojson.hxkj.vip"},"geometry":{"type":"MultiPolygon","coordinates":[[[[116.9607,30.6286],[116.9457,30.629],[116.9347,30.6321],[116.9206,30.6462],[116.9202,30.6515],[116.9221,30.6543],[116.9344,30.6613],[116.94,30.6613],[116.9514,30.6561],[116.9633,30.6592],[116.9674,30.657],[116.9719,30.6478],[116.977,30.6435],[116.9695,30.6388],[116.9636,30.6305],[116.9607,30.6286]]],[[[117.2972,30.4872],[117.301,30.4914],[117.3075,30.4943],[117.3198,30.4928],[117.3245,30.4876],[117.327,30.4747],[117.3266,30.4706],[117.3219,30.4622],[117.3148,30.4618],[117.3054,30.4458],[117.2962,30.4439],[117.2934,30.441],[117.2936,30.4328],[117.2993,30.4273],[117.2993,30.4254],[117.2811,30.4145],[117.2777,30.4149],[117.2685,30.4202],[117.2495,30.4213],[117.2512,30.4274],[117.2609,30.4318],[117.2622,30.4374],[117.2672,30.4418],[117.2674,30.4442],[117.2655,30.4463],[117.258,30.448],[117.2559,30.4503],[117.2567,30.4585],[117.2745,30.4652],[117.276,30.4689],[117.2829,30.4713],[117.2901,30.4763],[117.2964,30.486],[117.2972,30.4872]]],[[[117.5075,31.0034],[117.5231,30.9945],[117.5384,30.991],[117.5345,30.9828],[117.5329,30.9737],[117.5347,30.9702],[117.5374,30.9688],[117.5491,30.9676],[117.5527,30.9726],[117.5562,30.9743],[117.561,30.9742],[117.5689,30.9686],[117.5795,30.9692],[117.5835,30.9707],[117.5926,30.9781],[117.6056,30.977],[117.6163,30.9726],[117.6264,30.9721],[117.64,30.9656],[117.6453,30.9587],[117.6468,30.9605],[117.6496,30.9592],[117.6519,30.9526],[117.6513,30.9504],[117.6605,30.9395],[117.6604,30.947],[117.6657,30.9557],[117.6803,30.9577],[117.6818,30.9639],[117.6786,30.9724],[117.6877,30.9811],[117.6886,30.9838],[117.6862,30.9853],[117.6898,30.9889],[117.6937,30.9889],[117.6948,30.9903],[117.6956,30.9951],[117.6943,30.9968],[117.7004,31.0025],[117.6975,31.0101],[117.7076,31.0113],[117.7137,31.0189],[117.7183,31.0191],[117.721,31.0101],[117.7314,31.0099],[117.7675,31.0961],[117.7749,31.1055],[117.8074,31.1297],[117.8319,31.1391],[117.8507,31.1402],[117.8597,31.1385],[117.8699,31.1331],[117.8803,31.122],[117.885,31.1092],[117.8856,31.0986],[117.8904,31.086],[117.8979,31.0783],[117.9098,31.0728],[117.9238,31.0683],[117.9392,31.0683],[117.9586,31.0746],[117.9836,31.0894],[117.9896,31.0821],[117.989,31.0754],[117.9938,31.0728],[117.9958,31.0681],[118.0026,31.0702],[118.0065,31.0737],[118.0078,31.0784],[118.0103,31.078],[118.0242,31.0657],[118.0102,31.0454],[118.0132,31.0339],[118.0184,31.0322],[118.0291,31.0321],[118.0311,31.0288],[118.0289,31.0247],[118.0328,31.0227],[118.0338,31.0196],[118.0459,31.0174],[118.0574,31.0179],[118.0713,31.0153],[118.0824,31.0111],[118.0835,31.0064],[118.0822,31.0044],[118.089,30.9969],[118.0889,30.9922],[118.0945,30.9893],[118.0976,30.9856],[118.1006,30.977],[118.1052,30.971],[118.1217,30.9679],[118.1438,30.9707],[118.1515,30.9694],[118.1591,30.964],[118.1558,30.9595],[118.1602,30.9559],[118.1584,30.954],[118.1578,30.9449],[118.1529,30.9322],[118.1546,30.9232],[118.1633,30.9132],[118.1648,30.9072],[118.1618,30.9031],[118.1572,30.9014],[118.1343,30.9021],[118.1225,30.8977],[118.0991,30.8855],[118.0824,30.8679],[118.0794,30.8666],[118.0569,30.8722],[118.0529,30.8707],[118.0485,30.8673],[118.0464,30.8615],[118.0426,30.8608],[118.0399,30.8584],[118.0432,30.8556],[118.0481,30.8555],[118.0459,30.8516],[118.0415,30.852],[118.0412,30.843],[118.0396,30.8449],[118.0344,30.8436],[118.0242,30.8457],[118.019,30.8503],[118.0155,30.8609],[118.0134,30.8623],[118.0078,30.8622],[117.985,30.8485],[117.9557,30.8173],[117.9536,30.8176],[117.9433,30.8331],[117.9346,30.8358],[117.9292,30.8324],[117.9183,30.8211],[117.9086,30.816],[117.8981,30.813],[117.884,30.8123],[117.8728,30.8079],[117.8463,30.7884],[117.8424,30.7814],[117.8423,30.7736],[117.8395,30.7711],[117.8158,30.7599],[117.8137,30.7608],[117.8062,30.7573],[117.8032,30.7576],[117.8021,30.7537],[117.7985,30.7546],[117.7978,30.7497],[117.7962,30.7484],[117.7822,30.7509],[117.7858,30.7609],[117.7838,30.764],[117.7593,30.7616],[117.7563,30.763],[117.7599,30.7698],[117.7588,30.7737],[117.75,30.7774],[117.7478,30.7811],[117.754,30.7851],[117.7562,30.7887],[117.7515,30.8029],[117.7446,30.8031],[117.7417,30.8074],[117.7228,30.7917],[117.6985,30.7899],[117.7011,30.7975],[117.7018,30.8066],[117.6706,30.7815],[117.6455,30.7766],[117.577,30.7566],[117.5073,30.7267],[117.5061,30.7239],[117.5035,30.7228],[117.4997,30.7094],[117.4901,30.6918],[117.4831,30.6849],[117.4708,30.6791],[117.4511,30.6791],[117.4224,30.6829],[117.4013,30.6896],[117.3944,30.695],[117.3668,30.6942],[117.3434,30.689],[117.3095,30.6768],[117.2618,30.6511],[117.2171,30.6306],[117.2119,30.6351],[117.2064,30.6485],[117.2054,30.6588],[117.2073,30.6696],[117.213,30.6787],[117.224,30.6865],[117.2311,30.6892],[117.2414,30.6904],[117.2407,30.6926],[117.2336,30.6948],[117.2287,30.6926],[117.2229,30.6924],[117.219,30.6953],[117.2161,30.6927],[117.205,30.692],[117.2034,30.6939],[117.2065,30.6989],[117.2024,30.7022],[117.1837,30.6962],[117.1796,30.6923],[117.17,30.6936],[117.1695,30.698],[117.1738,30.7025],[117.1635,30.708],[117.1613,30.7153],[117.1493,30.7196],[117.1438,30.7262],[117.1264,30.7387],[117.12,30.7537],[117.1093,30.7598],[117.101,30.7674],[117.105,30.7907],[117.1062,30.8276],[117.0965,30.8857],[117.0864,30.9286],[117.0801,30.967],[117.0827,30.9749],[117.0942,30.986],[117.0951,30.9885],[117.0939,31.0101],[117.0996,31.0133],[117.1113,31.0135],[117.1273,31.0061],[117.1348,31.0073],[117.1395,31.0112],[117.1415,31.0172],[117.1376,31.0289],[117.138,31.0334],[117.1444,31.0409],[117.1441,31.0542],[117.1499,31.0583],[117.1563,31.0724],[117.1672,31.0836],[117.1743,31.0875],[117.1843,31.0787],[117.1906,31.0697],[117.212,31.0573],[117.2187,31.0448],[117.2254,31.037],[117.2281,31.0258],[117.2315,31.0195],[117.25,31.0091],[117.2773,30.9848],[117.2852,30.9824],[117.298,30.9855],[117.3018,30.9937],[117.3083,31.0007],[117.314,30.9998],[117.3212,30.9912],[117.3248,30.9892],[117.3378,30.9877],[117.3404,30.9903],[117.3489,30.9921],[117.3565,30.9879],[117.3667,30.9715],[117.3695,30.9637],[117.3651,30.959],[117.3678,30.953],[117.3714,30.951],[117.3833,30.9519],[117.3855,30.9648],[117.3957,30.9681],[117.413,30.9773],[117.4196,30.9765],[117.4416,30.9679],[117.444,30.9702],[117.4468,30.9802],[117.4501,30.9843],[117.4592,30.989],[117.4915,30.9949],[117.5034,31.0018],[117.5075,31.0034]]]]}},{"type":"Feature","properties":{"adcode":"340800","name":"安庆市","level":"city","center":[117.115349,30.531828],"site":"https://geojson.hxkj.vip"},"geometry":{"type":"MultiPolygon","coordinates":[[[[117.1906,30.6985],[117.2024,30.7022],[117.2065,30.6989],[117.2034,30.6939],[117.205,30.692],[117.2161,30.6927],[117.219,30.6953],[117.2229,30.6924],[117.2287,30.6926],[117.2336,30.6948],[117.2407,30.6926],[117.2414,30.6904],[117.2311,30.6892],[117.224,30.6865],[117.213,30.6787],[117.2073,30.6696],[117.2055,30.6544],[117.2082,30.6428],[117.2119,30.6351],[117.2171,30.6306],[117.2178,30.6206],[117.2214,30.6153],[117.2403,30.5984],[117.2479,30.5893],[117.2526,30.5713],[117.2513,30.5586],[117.2438,30.5382],[117.2364,30.5048],[117.2263,30.489],[117.204,30.4697],[117.1922,30.4659],[117.1848,30.4676],[117.164,30.4748],[117.1351,30.4921],[117.1237,30.4946],[117.0254,30.4943],[117.0105,30.4893],[116.9864,30.4708],[116.9755,30.4581],[116.9656,30.4505],[116.9504,30.4428],[116.9356,30.4403],[116.9144,30.4255],[116.9063,30.4346],[116.9011,30.4365],[116.8924,30.4311],[116.8909,30.4263],[116.892,30.4147],[116.8883,30.407],[116.8895,30.3967],[116.9033,30.3573],[116.893,30.3545],[116.8861,30.3573],[116.8773,30.3575],[116.8767,30.3681],[116.8674,30.3808],[116.8575,30.402],[116.8502,30.4126],[116.8497,30.4149],[116.8542,30.4159],[116.854,30.4293],[116.8519,30.4307],[116.8385,30.4236],[116.8342,30.4179],[116.8264,30.4202],[116.8211,30.425],[116.8046,30.4264],[116.7971,30.4221],[116.794,30.4161],[116.7804,30.413],[116.777,30.408],[116.7676,30.4128],[116.7567,30.421],[116.7502,30.431],[116.7501,30.4362],[116.7673,30.4532],[116.7752,30.4565],[116.8097,30.4612],[116.8346,30.4761],[116.8633,30.4873],[116.8735,30.4895],[116.8727,30.4934],[116.8675,30.4986],[116.8689,30.5025],[116.874,30.5051],[116.8853,30.5069],[116.8851,30.5136],[116.8792,30.5189],[116.8909,30.5318],[116.8923,30.5352],[116.8916,30.542],[116.8956,30.5465],[116.8965,30.5545],[116.9038,30.5531],[116.912,30.5678],[116.9194,30.5669],[116.9219,30.5684],[116.9241,30.5806],[116.9373,30.5801],[116.9491,30.5719],[116.9545,30.5733],[116.9553,30.5753],[116.9641,30.5664],[116.9726,30.5731],[116.9735,30.5865],[116.9691,30.5951],[116.9673,30.6118],[116.9617,30.615],[116.9607,30.6286],[116.9668,30.634],[116.9695,30.6388],[116.977,30.6435],[116.9719,30.6478],[116.9674,30.657],[116.9633,30.6592],[116.9569,30.658],[116.9535,30.6643],[116.9558,30.6701],[116.9604,30.6713],[116.9626,30.6767],[116.9657,30.6777],[116.9663,30.6828],[116.9707,30.6842],[116.9702,30.69],[116.9714,30.6916],[116.9804,30.6927],[116.9813,30.6978],[116.988,30.7052],[116.9956,30.7069],[116.998,30.7114],[116.9982,30.7165],[116.9889,30.7169],[116.9858,30.7186],[116.9848,30.7228],[116.9908,30.7349],[117.0011,30.7392],[117.0066,30.7442],[117.0085,30.7511],[117.0066,30.7594],[117.0172,30.7519],[117.038,30.7529],[117.0436,30.7547],[117.0466,30.7578],[117.0515,30.7687],[117.0555,30.773],[117.101,30.7674],[117.1093,30.7598],[117.12,30.7537],[117.1264,30.7387],[117.1438,30.7262],[117.1493,30.7196],[117.1613,30.7153],[117.1635,30.708],[117.1738,30.7025],[117.1695,30.698],[117.17,30.6936],[117.1796,30.6923],[117.1871,30.6976],[117.1906,30.6985]]],[[[116.133,29.8362],[116.1322,29.8661],[116.1346,29.8774],[116.132,29.8901],[116.1258,29.9014],[116.0857,29.9508],[116.0806,29.9555],[116.0779,29.9561],[116.074,29.9634],[116.0754,29.9708],[116.0816,29.9825],[116.0783,30.0102],[116.079,30.0141],[116.089,30.027],[116.0916,30.0362],[116.0885,30.0455],[116.08,30.0573],[116.0788,30.0621],[116.0792,30.0662],[116.0848,30.076],[116.0843,30.0824],[116.0814,30.0901],[116.0825,30.0994],[116.0869,30.1018],[116.0895,30.1066],[116.0843,30.114],[116.0879,30.1266],[116.0844,30.1297],[116.075,30.1335],[116.0707,30.1387],[116.0632,30.1516],[116.0567,30.1699],[116.056,30.181],[116.0639,30.1936],[116.0655,30.2046],[116.058,30.2155],[116.0525,30.2162],[116.0475,30.2211],[116.0481,30.2229],[116.0317,30.227],[116.0247,30.2418],[116.0122,30.2495],[116.0016,30.2506],[115.9948,30.255],[115.9898,30.2634],[115.9853,30.291],[115.981,30.2958],[115.9538,30.3064],[115.9387,30.3069],[115.9219,30.3013],[115.9044,30.3101],[115.9027,30.3137],[115.9037,30.3158],[115.9143,30.3243],[115.9164,30.328],[115.9167,30.3344],[115.9131,30.3408],[115.8965,30.3567],[115.8937,30.3662],[115.8849,30.3795],[115.8855,30.3828],[115.8975,30.393],[115.9009,30.3978],[115.9045,30.3976],[115.9113,30.4003],[115.9243,30.4189],[115.931,30.4205],[115.9382,30.4178],[115.944,30.421],[115.9461,30.4252],[115.9229,30.4286],[115.9208,30.4299],[115.917,30.4429],[115.8948,30.4527],[115.8941,30.4596],[115.9007,30.4668],[115.8981,30.4823],[115.9097,30.5068],[115.9214,30.5174],[115.9107,30.5192],[115.9051,30.5246],[115.9032,30.5321],[115.8995,30.5379],[115.8864,30.5437],[115.8831,30.5594],[115.8756,30.5694],[115.8791,30.5783],[115.8763,30.5823],[115.8662,30.5879],[115.8573,30.5895],[115.8517,30.5999],[115.8485,30.6019],[115.8281,30.6061],[115.8251,30.6022],[115.8241,30.5961],[115.8192,30.5979],[115.8108,30.6086],[115.8078,30.6155],[115.8149,30.6248],[115.8155,30.6351],[115.8099,30.6426],[115.8031,30.6457],[115.7988,30.6501],[115.797,30.6586],[115.7831,30.6668],[115.7753,30.6689],[115.7724,30.6779],[115.7625,30.6856],[115.7623,30.6891],[115.7674,30.6943],[115.7659,30.6988],[115.7663,30.7101],[115.7764,30.7289],[115.785,30.7551],[115.7927,30.7593],[115.8105,30.7594],[115.8176,30.7521],[115.8225,30.7504],[115.8347,30.7564],[115.8441,30.7549],[115.8515,30.7567],[115.8521,30.7656],[115.864,30.7713],[115.8701,30.7764],[115.8717,30.7808],[115.8695,30.7825],[115.8603,30.7835],[115.8581,30.787],[115.8582,30.7895],[115.8659,30.7982],[115.8663,30.8023],[115.8628,30.8084],[115.8638,30.8158],[115.8488,30.8286],[115.8472,30.8357],[115.8517,30.8442],[115.8639,30.8553],[115.8657,30.8642],[115.8682,30.866],[115.8769,30.869],[115.8857,30.8779],[115.8909,30.8798],[115.9057,30.8836],[115.9128,30.8876],[115.9207,30.8858],[115.9324,30.8894],[115.9361,30.9029],[115.9447,30.905],[115.9543,30.9128],[115.9706,30.92],[115.9722,30.9225],[115.9721,30.927],[115.9763,30.9315],[115.9839,30.9345],[115.9903,30.935],[116.0001,30.9437],[116.0099,30.9497],[116.0247,30.9536],[116.0345,30.9511],[116.0395,30.9578],[116.0418,30.9585],[116.0717,30.9567],[116.0697,30.9691],[116.0649,30.9782],[116.0603,30.9949],[116.0582,31.0079],[116.0589,31.0127],[116.0461,31.0145],[116.0479,31.0304],[116.0516,31.0422],[116.051,31.0496],[116.0664,31.0701],[116.0885,31.0796],[116.094,31.0847],[116.0935,31.0907],[116.1012,31.0947],[116.1205,31.087],[116.1411,31.0945],[116.1611,31.0994],[116.1662,31.0976],[116.1792,31.0876],[116.1822,31.0791],[116.1803,31.075],[116.1809,31.0706],[116.1838,31.0649],[116.1887,31.0608],[116.2003,31.0579],[116.2131,31.0591],[116.2267,31.0641],[116.2434,31.0756],[116.2614,31.0824],[116.2658,31.0898],[116.2686,31.1002],[116.2738,31.1005],[116.2744,31.1041],[116.2794,31.1057],[116.2791,31.1089],[116.2818,31.108],[116.2878,31.1118],[116.2875,31.1139],[116.2923,31.1138],[116.2923,31.1178],[116.2962,31.1174],[116.2959,31.1194],[116.3001,31.1203],[116.3035,31.1231],[116.3073,31.1305],[116.3063,31.1357],[116.3085,31.1392],[116.318,31.1447],[116.3307,31.1456],[116.3404,31.1507],[116.3452,31.1562],[116.3448,31.1629],[116.3461,31.1654],[116.3525,31.1677],[116.3595,31.174],[116.367,31.1722],[116.3783,31.1656],[116.3884,31.1653],[116.3948,31.1622],[116.4082,31.164],[116.4135,31.1633],[116.4303,31.1468],[116.4353,31.1305],[116.4401,31.1272],[116.4533,31.1244],[116.4595,31.1253],[116.4635,31.1315],[116.4701,31.1357],[116.4792,31.1362],[116.4864,31.1393],[116.4954,31.1493],[116.5019,31.1415],[116.5069,31.1413],[116.5195,31.1602],[116.5252,31.1631],[116.53,31.1695],[116.5378,31.1737],[116.5404,31.1801],[116.5452,31.182],[116.5542,31.1788],[116.5567,31.1743],[116.5528,31.1659],[116.5526,31.1616],[116.5537,31.1554],[116.5584,31.1476],[116.5567,31.1427],[116.557,31.1349],[116.5593,31.1299],[116.5559,31.1211],[116.5601,31.1178],[116.5627,31.1111],[116.5595,31.1043],[116.5485,31.0919],[116.5387,31.0721],[116.5388,31.0647],[116.5334,31.0562],[116.5349,31.0447],[116.5309,31.0353],[116.5324,31.0297],[116.5306,31.021],[116.5361,31.0197],[116.5455,31.0212],[116.5506,31.0269],[116.5589,31.0323],[116.5579,31.0374],[116.57,31.0514],[116.5824,31.0517],[116.5917,31.0476],[116.5946,31.0541],[116.6109,31.0663],[116.6128,31.072],[116.6158,31.0747],[116.6225,31.0741],[116.627,31.0697],[116.6342,31.0672],[116.647,31.0589],[116.6513,31.0522],[116.6592,31.0541],[116.6665,31.0596],[116.6796,31.0582],[116.6836,31.0558],[116.6886,31.0487],[116.6974,31.045],[116.7097,31.0432],[116.7204,31.0579],[116.7229,31.0596],[116.732,31.0608],[116.7367,31.0639],[116.7428,31.0601],[116.7507,31.0604],[116.7598,31.0678],[116.7729,31.0704],[116.7814,31.0691],[116.7863,31.0652],[116.7908,31.0662],[116.7992,31.0753],[116.8049,31.0786],[116.8063,31.0826],[116.8151,31.0863],[116.8182,31.0893],[116.8184,31.0923],[116.8294,31.1012],[116.8433,31.1044],[116.8422,31.1134],[116.8445,31.1192],[116.8448,31.1277],[116.8561,31.1265],[116.8623,31.1299],[116.876,31.1274],[116.8837,31.1285],[116.895,31.1334],[116.9179,31.15],[116.9227,31.1601],[116.9392,31.1594],[116.9431,31.1607],[116.9454,31.1799],[116.954,31.1892],[116.9632,31.2145],[116.974,31.2337],[116.9814,31.2446],[116.9982,31.2565],[117.0067,31.2677],[117.0111,31.2685],[117.0162,31.2668],[117.0322,31.2566],[117.0407,31.2542],[117.0487,31.24],[117.0529,31.236],[117.0713,31.2368],[117.0756,31.2345],[117.079,31.2283],[117.0792,31.2217],[117.0963,31.1959],[117.1028,31.189],[117.104,31.1815],[117.1083,31.1761],[117.1094,31.1696],[117.1232,31.1464],[117.1237,31.1429],[117.1194,31.1371],[117.122,31.1293],[117.1172,31.1244],[117.1168,31.1217],[117.1219,31.1092],[117.1228,31.1018],[117.1195,31.0961],[117.1173,31.085],[117.1195,31.0822],[117.136,31.0731],[117.1416,31.0717],[117.1467,31.0727],[117.1503,31.0756],[117.1546,31.075],[117.1563,31.0724],[117.1499,31.0583],[117.1447,31.0555],[117.1444,31.0409],[117.138,31.0334],[117.1376,31.0289],[117.1415,31.0172],[117.1395,31.0112],[117.1348,31.0073],[117.1273,31.0061],[117.1113,31.0135],[117.0996,31.0133],[117.0939,31.0101],[117.0951,30.9885],[117.0942,30.986],[117.0827,30.9749],[117.0801,30.967],[117.0864,30.9286],[117.0965,30.8857],[117.1062,30.8276],[117.105,30.7907],[117.101,30.7674],[117.0555,30.773],[117.0515,30.7687],[117.0466,30.7578],[117.0436,30.7547],[117.038,30.7529],[117.0172,30.7519],[117.0066,30.7594],[117.0085,30.7511],[117.0066,30.7442],[117.0011,30.7392],[116.9908,30.7349],[116.9848,30.7228],[116.9858,30.7186],[116.9889,30.7169],[116.9982,30.7165],[116.998,30.7114],[116.9956,30.7069],[116.988,30.7052],[116.9834,30.7004],[116.9813,30.6978],[116.9804,30.6927],[116.9714,30.6916],[116.9702,30.69],[116.9707,30.6842],[116.9663,30.6828],[116.9657,30.6777],[116.9626,30.6767],[116.962,30.6726],[116.9558,30.6701],[116.9545,30.6673],[116.9535,30.6643],[116.9569,30.658],[116.9514,30.6561],[116.94,30.6613],[116.9344,30.6613],[116.9221,30.6543],[116.9202,30.6515],[116.9206,30.6462],[116.9347,30.6321],[116.9457,30.629],[116.9607,30.6286],[116.9617,30.615],[116.9673,30.6118],[116.9691,30.5951],[116.9735,30.5865],[116.9726,30.5731],[116.9641,30.5664],[116.9553,30.5753],[116.9545,30.5733],[116.9491,30.5719],[116.9373,30.5801],[116.9241,30.5806],[116.9219,30.5684],[116.9194,30.5669],[116.912,30.5678],[116.9038,30.5531],[116.8965,30.5545],[116.8956,30.5465],[116.8916,30.542],[116.8923,30.5352],[116.8909,30.5318],[116.8792,30.5189],[116.8851,30.5136],[116.8853,30.5069],[116.874,30.5051],[116.8689,30.5025],[116.8675,30.4986],[116.8727,30.4934],[116.8735,30.4895],[116.8633,30.4873],[116.8346,30.4761],[116.8097,30.4612],[116.7752,30.4565],[116.7673,30.4532],[116.7501,30.4362],[116.7502,30.431],[116.7567,30.421],[116.7676,30.4128],[116.777,30.408],[116.7804,30.413],[116.794,30.4161],[116.7971,30.4221],[116.8046,30.4264],[116.8211,30.425],[116.8264,30.4202],[116.8342,30.4179],[116.84,30.4245],[116.8507,30.4305],[116.854,30.4293],[116.8542,30.4159],[116.8497,30.4149],[116.8502,30.4126],[116.8575,30.402],[116.8674,30.3808],[116.8767,30.3681],[116.8773,30.3575],[116.8861,30.3573],[116.893,30.3545],[116.9033,30.3573],[116.9103,30.3329],[116.9205,30.3143],[116.9272,30.2976],[116.9288,30.291],[116.9272,30.2734],[116.9205,30.258],[116.8927,30.2405],[116.8824,30.2311],[116.8675,30.2136],[116.8601,30.1773],[116.8419,30.1468],[116.8169,30.1151],[116.7718,30.0737],[116.7474,30.0572],[116.735,30.0538],[116.7203,30.0539],[116.6857,30.0706],[116.6744,30.075],[116.6612,30.0772],[116.6426,30.0764],[116.611,30.0707],[116.5966,30.0597],[116.586,30.0463],[116.5772,30.0297],[116.5713,30.0145],[116.5698,29.9985],[116.5712,29.9892],[116.5587,29.9243],[116.5519,29.9098],[116.5415,29.9016],[116.5256,29.8975],[116.4799,29.8979],[116.4677,29.8961],[116.4418,29.8798],[116.4183,29.868],[116.3925,29.8557],[116.3597,29.8436],[116.3431,29.8357],[116.3228,29.82],[116.3123,29.809],[116.2948,29.7966],[116.2808,29.7889],[116.2615,29.7821],[116.2536,29.7831],[116.2506,29.7857],[116.2274,29.8169],[116.217,29.8241],[116.2081,29.8275],[116.1982,29.8285],[116.1729,29.8283],[116.1352,29.8194],[116.1372,29.8338],[116.1353,29.8365],[116.133,29.8362]]]]}},{"type":"Feature","properties":{"adcode":"341000","name":"黄山市","level":"city","center":[118.337643,29.714886],"site":"https://geojson.hxkj.vip"},"geometry":{"type":"MultiPolygon","coordinates":[[[[118.8689,30.1015],[118.8729,30.0946],[118.876,30.0705],[118.8788,30.0647],[118.8881,30.0624],[118.8974,30.0519],[118.8973,30.0496],[118.8906,30.0413],[118.8956,30.0325],[118.9015,30.0313],[118.9026,30.0291],[118.898,30.0172],[118.8899,30.0106],[118.894,30.0067],[118.895,30.0031],[118.8919,29.9931],[118.8972,29.9871],[118.8995,29.9814],[118.8932,29.9693],[118.8915,29.9599],[118.893,29.9571],[118.8924,29.9482],[118.8947,29.9381],[118.8847,29.9389],[118.873,29.947],[118.8639,29.937],[118.8483,29.9413],[118.8412,29.9399],[118.839,29.9383],[118.8387,29.9345],[118.8419,29.9282],[118.8449,29.9153],[118.8455,29.9008],[118.8413,29.8913],[118.8065,29.8666],[118.8026,29.8607],[118.7899,29.8523],[118.7866,29.8452],[118.784,29.8435],[118.7787,29.8419],[118.7662,29.849],[118.7546,29.8447],[118.7547,29.8392],[118.7511,29.831],[118.7601,29.8289],[118.7659,29.8231],[118.7594,29.8172],[118.746,29.8182],[118.7408,29.8149],[118.7386,29.8079],[118.7365,29.7885],[118.7384,29.7848],[118.7443,29.7796],[118.747,29.7742],[118.7455,29.7674],[118.749,29.7611],[118.7487,29.7504],[118.7447,29.7388],[118.7397,29.7368],[118.7336,29.7301],[118.7269,29.7258],[118.7246,29.7226],[118.7241,29.716],[118.7197,29.71],[118.7008,29.7065],[118.6929,29.6991],[118.6916,29.6939],[118.6829,29.6883],[118.6824,29.681],[118.6751,29.6756],[118.6723,29.667],[118.6569,29.6544],[118.6534,29.6487],[118.6473,29.6434],[118.6409,29.6419],[118.6335,29.6488],[118.62,29.6541],[118.602,29.6437],[118.5955,29.6441],[118.5739,29.6384],[118.5693,29.6355],[118.5671,29.6266],[118.5597,29.6207],[118.5551,29.6134],[118.5499,29.6134],[118.542,29.6038],[118.5409,29.5993],[118.5352,29.5906],[118.5197,29.5853],[118.5006,29.5757],[118.4984,29.5614],[118.4947,29.5522],[118.4979,29.544],[118.4949,29.5314],[118.4952,29.5184],[118.4726,29.5083],[118.4613,29.5056],[118.449,29.5134],[118.4467,29.513],[118.4431,29.5089],[118.439,29.5096],[118.4366,29.5057],[118.4306,29.5037],[118.415,29.5097],[118.393,29.5073],[118.3839,29.5104],[118.3798,29.5026],[118.363,29.4842],[118.3598,29.4781],[118.3476,29.474],[118.345,29.4757],[118.343,29.48],[118.3367,29.4836],[118.3281,29.4963],[118.3106,29.496],[118.3064,29.4916],[118.3065,29.4807],[118.3158,29.4523],[118.3149,29.4418],[118.3161,29.4226],[118.3091,29.4207],[118.302,29.4213],[118.2948,29.4191],[118.2914,29.42],[118.2898,29.4245],[118.2862,29.4267],[118.2763,29.4234],[118.2678,29.4279],[118.2557,29.4262],[118.2496,29.4309],[118.247,29.4311],[118.2361,29.4248],[118.227,29.4246],[118.2181,29.4204],[118.2157,29.4177],[118.2152,29.4123],[118.2043,29.3954],[118.1984,29.393],[118.193,29.3953],[118.1927,29.4028],[118.1894,29.4057],[118.1781,29.4042],[118.1636,29.4121],[118.1424,29.4168],[118.1361,29.4189],[118.1322,29.4225],[118.1292,29.4292],[118.1295,29.4326],[118.1386,29.4377],[118.1391,29.4508],[118.138,29.4549],[118.1285,29.4684],[118.1277,29.4721],[118.1438,29.4898],[118.143,29.4999],[118.1374,29.5063],[118.1095,29.522],[118.1034,29.5307],[118.0976,29.5332],[118.0916,29.5345],[118.0827,29.5338],[118.0507,29.5432],[118.0481,29.5457],[118.0478,29.5555],[118.043,29.5663],[118.0342,29.5708],[118.0141,29.5773],[118.0038,29.5781],[117.9986,29.5762],[117.9847,29.5617],[117.981,29.5609],[117.9741,29.5682],[117.9649,29.57],[117.9549,29.5651],[117.9387,29.5496],[117.9335,29.5491],[117.9208,29.5545],[117.9064,29.5521],[117.8899,29.5458],[117.8765,29.5462],[117.8636,29.5542],[117.852,29.555],[117.8357,29.5607],[117.8299,29.5638],[117.8228,29.5718],[117.812,29.5741],[117.795,29.5703],[117.7709,29.5571],[117.7531,29.5604],[117.7473,29.5587],[117.7361,29.5515],[117.7077,29.549],[117.6966,29.5523],[117.6905,29.5559],[117.683,29.568],[117.6811,29.5934],[117.679,29.5955],[117.669,29.597],[117.6671,29.5997],[117.6657,29.6082],[117.6567,29.6134],[117.648,29.6149],[117.6419,29.6135],[117.6283,29.6062],[117.6087,29.5916],[117.593,29.585],[117.5865,29.5847],[117.5741,29.5911],[117.558,29.5901],[117.5541,29.5944],[117.546,29.5942],[117.5426,29.5885],[117.5392,29.597],[117.5344,29.5984],[117.5329,29.6034],[117.5306,29.6051],[117.5256,29.605],[117.5291,29.6091],[117.5271,29.6125],[117.5275,29.617],[117.5237,29.6184],[117.5274,29.6222],[117.5245,29.6252],[117.5234,29.6292],[117.5255,29.643],[117.5322,29.649],[117.5305,29.6541],[117.5223,29.6609],[117.5165,29.6634],[117.5081,29.6632],[117.4974,29.6596],[117.4869,29.6613],[117.4719,29.6704],[117.4609,29.6845],[117.454,29.6882],[117.4524,29.6916],[117.4528,29.7049],[117.4572,29.7253],[117.4551,29.7492],[117.4503,29.7546],[117.4432,29.7589],[117.4347,29.7611],[117.4136,29.788],[117.4098,29.7953],[117.4092,29.8026],[117.4248,29.8347],[117.4233,29.8461],[117.4209,29.8491],[117.4188,29.8504],[117.4096,29.8499],[117.3841,29.8436],[117.3823,29.8409],[117.3796,29.8255],[117.376,29.8181],[117.3592,29.8126],[117.3562,29.8137],[117.3479,29.8223],[117.3446,29.8333],[117.3367,29.8502],[117.3333,29.8506],[117.3257,29.8438],[117.3207,29.8422],[117.2999,29.8392],[117.2955,29.8336],[117.2924,29.8228],[117.2866,29.8227],[117.2782,29.8251],[117.2712,29.8301],[117.2574,29.8313],[117.2529,29.8347],[117.2494,29.8418],[117.2494,29.8461],[117.2568,29.8595],[117.2618,29.8807],[117.2589,29.8962],[117.2556,29.9049],[117.2505,29.9122],[117.2335,29.9212],[117.217,29.9269],[117.2062,29.9275],[117.2032,29.9537],[117.2042,29.9706],[117.2062,29.9743],[117.2096,29.9761],[117.2353,29.981],[117.248,29.9818],[117.2602,29.9853],[117.2674,29.9832],[117.2977,29.9928],[117.3092,29.999],[117.3301,29.9988],[117.3498,30.0082],[117.3695,30.011],[117.383,30.0066],[117.387,30.0087],[117.3884,30.0116],[117.3881,30.0151],[117.3853,30.0188],[117.3904,30.0207],[117.3909,30.027],[117.3941,30.0297],[117.401,30.0317],[117.4115,30.0304],[117.4333,30.0207],[117.4465,30.023],[117.4618,30.0379],[117.4768,30.0375],[117.4928,30.0349],[117.5144,30.0384],[117.5421,30.0529],[117.536,30.0768],[117.5442,30.0845],[117.5441,30.0868],[117.5353,30.0838],[117.536,30.0881],[117.5337,30.0872],[117.5303,30.0892],[117.5282,30.0936],[117.53,30.101],[117.5392,30.106],[117.5386,30.1105],[117.541,30.1106],[117.544,30.1069],[117.5456,30.1016],[117.5494,30.1027],[117.5547,30.1012],[117.5556,30.0987],[117.5511,30.0914],[117.5566,30.0927],[117.5545,30.0893],[117.5593,30.0887],[117.5577,30.0857],[117.5599,30.0834],[117.569,30.0888],[117.569,30.0969],[117.5712,30.1014],[117.5603,30.1038],[117.5608,30.1053],[117.5685,30.1071],[117.5681,30.1114],[117.5728,30.1157],[117.5834,30.1171],[117.5876,30.1228],[117.5948,30.1274],[117.5996,30.1266],[117.6009,30.1282],[117.599,30.1282],[117.5997,30.1298],[117.606,30.1295],[117.611,30.1311],[117.6151,30.1121],[117.6199,30.1101],[117.6255,30.104],[117.6309,30.1028],[117.6312,30.0993],[117.6352,30.0997],[117.637,30.102],[117.639,30.0998],[117.6408,30.1017],[117.6397,30.1038],[117.6429,30.1056],[117.6461,30.1145],[117.651,30.1161],[117.6559,30.1155],[117.6608,30.1094],[117.6697,30.1085],[117.6716,30.1106],[117.6765,30.1069],[117.6779,30.1094],[117.6728,30.1136],[117.6774,30.1174],[117.6733,30.1203],[117.6733,30.1221],[117.6834,30.1232],[117.6866,30.127],[117.6827,30.1332],[117.6967,30.1389],[117.6985,30.1434],[117.7108,30.1442],[117.7139,30.1464],[117.7432,30.1541],[117.7848,30.1582],[117.8021,30.1666],[117.8204,30.1826],[117.8314,30.1822],[117.847,30.1923],[117.8529,30.1918],[117.8613,30.2091],[117.8606,30.2146],[117.8584,30.2173],[117.8293,30.2252],[117.8249,30.2313],[117.8249,30.2416],[117.843,30.2604],[117.8472,30.2625],[117.8915,30.2707],[117.8922,30.2721],[117.8882,30.2799],[117.8864,30.2933],[117.8917,30.2957],[117.9022,30.2942],[117.9117,30.2981],[117.9129,30.2993],[117.9084,30.3037],[117.9069,30.3093],[117.9132,30.3108],[117.9203,30.32],[117.929,30.3201],[117.9289,30.3241],[117.9321,30.3248],[117.9322,30.3261],[117.9269,30.3285],[117.9258,30.3315],[117.9304,30.3317],[117.9353,30.3359],[117.9406,30.335],[117.9393,30.3397],[117.9346,30.3443],[117.9281,30.3573],[117.9239,30.359],[117.9166,30.3665],[117.9286,30.3748],[117.9383,30.3781],[117.9532,30.3926],[117.9529,30.4036],[117.949,30.4052],[117.9412,30.4136],[117.9386,30.4251],[117.9432,30.4397],[117.9459,30.455],[117.9468,30.4725],[117.9515,30.4891],[117.9598,30.5044],[117.9701,30.5123],[117.9735,30.5115],[117.9813,30.5015],[117.9857,30.4987],[118.0169,30.5006],[118.035,30.4985],[118.0537,30.5037],[118.0591,30.5084],[118.0691,30.5131],[118.0896,30.5173],[118.1176,30.5093],[118.1274,30.5041],[118.1308,30.4982],[118.1211,30.4931],[118.1182,30.4833],[118.1057,30.47],[118.1035,30.4652],[118.1054,30.4585],[118.1098,30.4527],[118.1076,30.4293],[118.1199,30.424],[118.125,30.4237],[118.1313,30.4301],[118.1379,30.429],[118.1445,30.4343],[118.1569,30.4337],[118.1633,30.4468],[118.1698,30.4485],[118.1811,30.4478],[118.1825,30.4492],[118.1821,30.4517],[118.1766,30.4515],[118.1729,30.4541],[118.1685,30.4532],[118.172,30.4609],[118.1787,30.4622],[118.1823,30.4655],[118.1843,30.4682],[118.1852,30.4743],[118.188,30.4745],[118.1858,30.4645],[118.1892,30.4663],[118.1932,30.4646],[118.1966,30.4686],[118.2063,30.4686],[118.2085,30.471],[118.2125,30.4691],[118.2143,30.4605],[118.2252,30.455],[118.2316,30.4457],[118.2314,30.4421],[118.2281,30.4397],[118.2152,30.4382],[118.2157,30.4343],[118.219,30.4307],[118.2186,30.4276],[118.223,30.4239],[118.2214,30.4144],[118.223,30.4119],[118.2378,30.4005],[118.2459,30.3991],[118.2503,30.3948],[118.2488,30.3901],[118.2567,30.3904],[118.2515,30.3855],[118.2553,30.3835],[118.2559,30.3785],[118.262,30.3793],[118.2657,30.3764],[118.2782,30.3803],[118.2806,30.3768],[118.2804,30.3724],[118.2885,30.3689],[118.2907,30.3687],[118.2946,30.3716],[118.3003,30.3702],[118.2986,30.3691],[118.2981,30.3623],[118.295,30.3578],[118.2978,30.3549],[118.3006,30.3558],[118.3055,30.3514],[118.2998,30.3408],[118.3026,30.3346],[118.3022,30.3285],[118.3053,30.323],[118.3102,30.3206],[118.3106,30.3139],[118.3098,30.3105],[118.3009,30.3089],[118.2987,30.3039],[118.2949,30.3021],[118.2968,30.299],[118.3034,30.2987],[118.3121,30.2929],[118.3205,30.2935],[118.3103,30.2856],[118.2925,30.2837],[118.2876,30.2815],[118.2714,30.2699],[118.2667,30.2599],[118.2664,30.2518],[118.2693,30.2403],[118.2866,30.2329],[118.2886,30.2292],[118.2907,30.1995],[118.2954,30.1962],[118.3115,30.1932],[118.3266,30.1753],[118.3393,30.1659],[118.344,30.1525],[118.3475,30.1343],[118.3512,30.1262],[118.3569,30.122],[118.3551,30.1119],[118.3706,30.0997],[118.3806,30.0968],[118.3846,30.0971],[118.3914,30.1055],[118.3948,30.1063],[118.4045,30.0996],[118.4178,30.0973],[118.4415,30.1028],[118.45,30.1026],[118.4689,30.0824],[118.4777,30.0765],[118.4945,30.0721],[118.4984,30.068],[118.5096,30.0484],[118.5102,30.0441],[118.5147,30.0355],[118.5135,30.0307],[118.5084,30.0242],[118.5005,30.0218],[118.4981,30.0181],[118.4999,30.0024],[118.5075,29.9877],[118.5111,29.984],[118.5105,29.9825],[118.5125,29.98],[118.5114,29.977],[118.5209,29.9684],[118.5196,29.9646],[118.5244,29.9633],[118.5274,29.965],[118.5387,29.9531],[118.5487,29.9452],[118.5587,29.9444],[118.5646,29.9476],[118.5749,29.9638],[118.5785,29.9662],[118.5835,29.9683],[118.5974,29.9686],[118.6058,29.9717],[118.614,29.9805],[118.615,29.9887],[118.6186,29.9974],[118.615,29.9997],[118.6147,30.0024],[118.6208,30.0116],[118.628,30.0165],[118.651,30.0245],[118.669,30.0237],[118.6887,30.029],[118.6948,30.0367],[118.6958,30.0523],[118.7005,30.059],[118.7144,30.0631],[118.7188,30.0666],[118.7256,30.0667],[118.7298,30.0642],[118.7337,30.0644],[118.7356,30.0625],[118.736,30.0677],[118.7403,30.0708],[118.7391,30.0733],[118.7411,30.077],[118.7431,30.0908],[118.7506,30.0852],[118.7514,30.08],[118.7587,30.0763],[118.7654,30.0698],[118.768,30.0696],[118.7698,30.0703],[118.768,30.0739],[118.7706,30.0765],[118.7899,30.0783],[118.7969,30.0818],[118.8065,30.0919],[118.8211,30.1027],[118.8302,30.1064],[118.8501,30.1105],[118.8644,30.1055],[118.8689,30.1015]]]]}},{"type":"Feature","properties":{"adcode":"341100","name":"滁州市","level":"city","center":[118.333439,32.255904],"site":"https://geojson.hxkj.vip"},"geometry":{"type":"MultiPolygon","coordinates":[[[[119.1641,32.5679],[119.1538,32.5619],[119.1529,32.5575],[119.1571,32.5526],[119.1667,32.546],[119.1684,32.5386],[119.1678,32.5363],[119.1556,32.5281],[119.1501,32.5098],[119.1423,32.4994],[119.1478,32.4927],[119.1345,32.4915],[119.1204,32.4801],[119.0982,32.4681],[119.0873,32.4543],[119.0824,32.4525],[119.0737,32.4554],[119.0674,32.4624],[119.0641,32.4759],[119.0646,32.4821],[119.0455,32.4985],[119.0402,32.5155],[119.0298,32.5152],[119.0188,32.5177],[119.0156,32.5206],[119.0129,32.5202],[119.0128,32.5175],[119.0152,32.5147],[119.0075,32.5141],[119.0059,32.5089],[119.002,32.5058],[118.9971,32.5038],[118.9798,32.5039],[118.9749,32.5059],[118.9679,32.5146],[118.9672,32.523],[118.9648,32.5267],[118.9409,32.5474],[118.9366,32.5575],[118.9166,32.5564],[118.916,32.5495],[118.9145,32.5488],[118.9059,32.5523],[118.9061,32.558],[118.9041,32.558],[118.8993,32.553],[118.8914,32.5531],[118.8879,32.5548],[118.8883,32.5572],[118.8945,32.5617],[118.8986,32.5605],[118.8964,32.5773],[118.8981,32.5777],[118.9,32.5817],[118.9093,32.5869],[118.9079,32.5923],[118.8963,32.587],[118.8851,32.5864],[118.8832,32.5839],[118.8842,32.5804],[118.8812,32.5786],[118.8734,32.5828],[118.874,32.5766],[118.856,32.5744],[118.8487,32.5683],[118.8448,32.5673],[118.8426,32.568],[118.8428,32.5728],[118.8405,32.5741],[118.8361,32.5707],[118.827,32.5727],[118.8276,32.5812],[118.8194,32.5839],[118.8194,32.5864],[118.8247,32.5899],[118.8255,32.5997],[118.8227,32.604],[118.8137,32.6008],[118.8095,32.5954],[118.806,32.5941],[118.8061,32.5896],[118.8022,32.5845],[118.7848,32.5824],[118.7781,32.5874],[118.7742,32.5878],[118.7765,32.5944],[118.7755,32.598],[118.7629,32.6037],[118.7575,32.604],[118.7497,32.5994],[118.7443,32.5989],[118.7425,32.5911],[118.7383,32.5884],[118.7355,32.5888],[118.726,32.5963],[118.7252,32.6086],[118.7226,32.6126],[118.719,32.6144],[118.7176,32.6084],[118.7044,32.6084],[118.6975,32.6059],[118.6972,32.6025],[118.7004,32.5973],[118.7008,32.5885],[118.6858,32.5889],[118.6693,32.5949],[118.6672,32.5936],[118.6611,32.5939],[118.6587,32.5945],[118.6567,32.5981],[118.6536,32.5981],[118.6512,32.5953],[118.652,32.5926],[118.6463,32.591],[118.6455,32.5887],[118.6412,32.5871],[118.6424,32.5833],[118.6388,32.5828],[118.6391,32.5808],[118.6342,32.5798],[118.633,32.5782],[118.6272,32.5898],[118.624,32.5923],[118.6025,32.5971],[118.5981,32.6013],[118.59,32.5956],[118.5848,32.596],[118.5792,32.5932],[118.5689,32.5857],[118.5638,32.564],[118.5687,32.5583],[118.5824,32.5502],[118.599,32.5447],[118.6058,32.5403],[118.6088,32.5356],[118.6048,32.5229],[118.6074,32.5211],[118.6148,32.5202],[118.6175,32.5124],[118.608,32.5018],[118.5951,32.5028],[118.5926,32.5004],[118.5919,32.4833],[118.5933,32.4788],[118.5967,32.4766],[118.6081,32.4759],[118.6086,32.4706],[118.6213,32.4704],[118.6281,32.4677],[118.6343,32.4713],[118.6434,32.4705],[118.647,32.476],[118.6518,32.477],[118.6729,32.4698],[118.6855,32.4732],[118.6913,32.4725],[118.6926,32.4651],[118.6908,32.4578],[118.684,32.4588],[118.684,32.4548],[118.6913,32.4522],[118.6869,32.4298],[118.6889,32.4182],[118.6854,32.4038],[118.6785,32.3931],[118.68,32.3894],[118.6826,32.3878],[118.6824,32.3848],[118.6878,32.3845],[118.6908,32.3777],[118.6962,32.3838],[118.6988,32.3832],[118.7017,32.3795],[118.7015,32.3773],[118.6969,32.3749],[118.7031,32.3726],[118.7037,32.3684],[118.6961,32.368],[118.7022,32.3585],[118.6952,32.3566],[118.6929,32.3517],[118.6944,32.3502],[118.6999,32.3497],[118.6968,32.3461],[118.6975,32.3426],[118.7066,32.3396],[118.7082,32.3366],[118.7069,32.3322],[118.7032,32.329],[118.6899,32.3302],[118.6844,32.3279],[118.684,32.3241],[118.695,32.322],[118.6965,32.3206],[118.6963,32.3177],[118.6858,32.3181],[118.6785,32.3165],[118.6705,32.3098],[118.6603,32.3054],[118.6574,32.3017],[118.66,32.2964],[118.6681,32.2959],[118.6703,32.2918],[118.6708,32.2862],[118.6594,32.2648],[118.6644,32.2591],[118.6745,32.2563],[118.6759,32.2544],[118.6671,32.2352],[118.6441,32.21],[118.6372,32.2077],[118.6289,32.2023],[118.6175,32.2056],[118.5983,32.1995],[118.5936,32.1949],[118.591,32.2004],[118.5801,32.1989],[118.5795,32.2069],[118.5724,32.2079],[118.5706,32.2041],[118.5645,32.2019],[118.5653,32.199],[118.5617,32.1969],[118.5509,32.1995],[118.5482,32.1949],[118.5396,32.1924],[118.5316,32.1958],[118.5279,32.1913],[118.5227,32.1883],[118.5183,32.1891],[118.5098,32.1943],[118.5073,32.1882],[118.5081,32.1839],[118.5029,32.1805],[118.499,32.1818],[118.4955,32.1762],[118.4954,32.1735],[118.4995,32.1717],[118.5012,32.1688],[118.4979,32.1608],[118.5005,32.1608],[118.5046,32.1535],[118.5084,32.1456],[118.5102,32.1368],[118.5071,32.1361],[118.5006,32.1417],[118.4986,32.1406],[118.4977,32.1384],[118.499,32.1345],[118.4946,32.1316],[118.5006,32.121],[118.4945,32.1216],[118.4875,32.1201],[118.483,32.1172],[118.4758,32.1172],[118.473,32.1149],[118.4731,32.109],[118.4702,32.108],[118.4639,32.1009],[118.459,32.1012],[118.4533,32.097],[118.4499,32.0979],[118.448,32.0945],[118.442,32.0927],[118.4387,32.0888],[118.4342,32.0904],[118.4331,32.0865],[118.42,32.0855],[118.4154,32.0879],[118.4124,32.0811],[118.4049,32.0805],[118.4047,32.075],[118.4,32.0778],[118.3958,32.0772],[118.3947,32.0756],[118.3968,32.0714],[118.3933,32.0627],[118.3878,32.0631],[118.3833,32.0596],[118.3736,32.0566],[118.3735,32.0474],[118.3636,32.0435],[118.3571,32.037],[118.3435,32.0294],[118.3402,32.0302],[118.3273,32.0232],[118.3259,32.0199],[118.3226,32.0188],[118.3172,32.013],[118.3162,32.0087],[118.3111,32.005],[118.3078,31.9961],[118.3101,31.9926],[118.3047,31.9908],[118.2967,31.9829],[118.2889,31.9786],[118.2812,31.971],[118.229,31.9309],[118.2235,31.9288],[118.2039,31.9277],[118.1873,31.9192],[118.1818,31.9076],[118.1757,31.9016],[118.1711,31.9001],[118.1478,31.908],[118.132,31.9033],[118.1208,31.9061],[118.1186,31.9052],[118.1069,31.8895],[118.0859,31.8775],[118.0875,31.8714],[118.084,31.8658],[118.084,31.8538],[118.0795,31.8541],[118.0729,31.8509],[118.069,31.8522],[118.0618,31.8585],[118.0448,31.8595],[117.9888,31.8815],[117.9643,31.9016],[117.9548,31.903],[117.9484,31.9105],[117.9285,31.9214],[117.9141,31.9223],[117.9,31.9291],[117.8865,31.9268],[117.8781,31.9298],[117.8735,31.9276],[117.871,31.9295],[117.8681,31.929],[117.8682,31.9314],[117.87,31.9317],[117.8669,31.9336],[117.8696,31.9334],[117.8685,31.9375],[117.8715,31.9398],[117.8696,31.9391],[117.8689,31.9408],[117.8664,31.9398],[117.865,31.9409],[117.8686,31.9453],[117.8672,31.9476],[117.8638,31.9484],[117.8638,31.952],[117.866,31.954],[117.8615,31.9559],[117.8567,31.9551],[117.8533,31.9584],[117.8532,31.9616],[117.8464,31.9626],[117.8436,31.9688],[117.8404,31.9706],[117.8411,31.9719],[117.8431,31.971],[117.8447,31.9746],[117.8361,31.9791],[117.8341,31.9822],[117.8356,31.9835],[117.8349,31.9867],[117.8301,31.9943],[117.8173,31.9979],[117.8109,32.0023],[117.8233,32.0112],[117.833,32.0153],[117.8357,32.021],[117.8334,32.0338],[117.8363,32.0379],[117.8552,32.0367],[117.8626,32.0389],[117.8638,32.0432],[117.8681,32.0443],[117.8744,32.0524],[117.8798,32.0554],[117.8764,32.0566],[117.8851,32.0641],[117.872,32.0709],[117.8683,32.0759],[117.8647,32.0888],[117.8581,32.0938],[117.8682,32.0973],[117.867,32.1066],[117.8621,32.1082],[117.8581,32.1029],[117.8516,32.106],[117.8545,32.1105],[117.8523,32.1165],[117.8553,32.1233],[117.8727,32.141],[117.8736,32.1452],[117.871,32.1518],[117.8639,32.1955],[117.8472,32.2174],[117.8332,32.2217],[117.8223,32.2305],[117.8199,32.2305],[117.8052,32.2201],[117.7944,32.2181],[117.7816,32.232],[117.7709,32.2392],[117.7574,32.2407],[117.7413,32.2472],[117.7345,32.2472],[117.7291,32.2456],[117.7199,32.2388],[117.712,32.2365],[117.7095,32.2403],[117.7121,32.2438],[117.7114,32.2464],[117.7104,32.2486],[117.7049,32.2517],[117.7045,32.2538],[117.6973,32.2541],[117.6983,32.2563],[117.6954,32.2557],[117.6942,32.2537],[117.6914,32.2551],[117.6901,32.2538],[117.682,32.2544],[117.6818,32.2528],[117.6788,32.2538],[117.6762,32.2526],[117.6758,32.2549],[117.6726,32.2539],[117.6749,32.2557],[117.6724,32.2564],[117.6722,32.2611],[117.6524,32.2608],[117.6448,32.2582],[117.6317,32.2489],[117.632,32.2569],[117.6226,32.25],[117.6139,32.2502],[117.6054,32.2389],[117.5961,32.24],[117.5858,32.2355],[117.5539,32.216],[117.5008,32.2031],[117.4823,32.2124],[117.4687,32.2235],[117.4515,32.233],[117.4353,32.2368],[117.4273,32.2425],[117.4239,32.2618],[117.4147,32.2671],[117.4083,32.2676],[117.405,32.2695],[117.3958,32.2837],[117.3976,32.2902],[117.4062,32.3047],[117.4097,32.3145],[117.4233,32.3346],[117.4306,32.3394],[117.4423,32.3415],[117.4449,32.3435],[117.4446,32.3563],[117.4417,32.3665],[117.4197,32.3713],[117.4212,32.3728],[117.4164,32.3758],[117.4126,32.3818],[117.4098,32.3815],[117.4085,32.3853],[117.4028,32.3865],[117.3974,32.394],[117.3936,32.3952],[117.3912,32.3945],[117.392,32.392],[117.3862,32.3905],[117.3857,32.3917],[117.3826,32.3863],[117.3801,32.3859],[117.3767,32.3762],[117.3705,32.3744],[117.3592,32.385],[117.3614,32.3891],[117.3773,32.3984],[117.3803,32.4028],[117.3829,32.4142],[117.3823,32.431],[117.3916,32.4501],[117.4078,32.4656],[117.4083,32.4686],[117.3971,32.4775],[117.3941,32.4783],[117.3881,32.4738],[117.3809,32.4644],[117.3684,32.4573],[117.3272,32.4417],[117.3201,32.4433],[117.3084,32.4512],[117.3038,32.4507],[117.2903,32.4428],[117.2829,32.4427],[117.2655,32.4521],[117.2477,32.4592],[117.235,32.4623],[117.2195,32.463],[117.215,32.4649],[117.209,32.4725],[117.2116,32.4763],[117.2096,32.4939],[117.2112,32.5162],[117.2023,32.5281],[117.201,32.5334],[117.2032,32.5424],[117.2114,32.5466],[117.2144,32.5508],[117.2147,32.5603],[117.2067,32.5679],[117.1991,32.5798],[117.1971,32.5854],[117.196,32.6087],[117.175,32.6535],[117.171,32.6683],[117.1613,32.6796],[117.1609,32.6819],[117.1623,32.6868],[117.1694,32.6897],[117.1748,32.6944],[117.1843,32.6967],[117.1859,32.6986],[117.1898,32.7168],[117.2066,32.7268],[117.1961,32.7327],[117.1973,32.739],[117.2027,32.7454],[117.2141,32.752],[117.2225,32.7609],[117.2416,32.7864],[117.2474,32.799],[117.2547,32.8053],[117.2655,32.8009],[117.2699,32.8021],[117.2804,32.8088],[117.2849,32.8174],[117.2982,32.8166],[117.3077,32.819],[117.3104,32.8256],[117.3148,32.8284],[117.3252,32.8259],[117.3508,32.8292],[117.3551,32.8365],[117.3618,32.8401],[117.3684,32.8378],[117.3921,32.837],[117.4021,32.8337],[117.4151,32.832],[117.418,32.8341],[117.4201,32.8463],[117.4323,32.8422],[117.4545,32.8422],[117.4712,32.8372],[117.477,32.8411],[117.4913,32.8647],[117.4979,32.8682],[117.5082,32.8688],[117.5136,32.8753],[117.5123,32.8862],[117.5021,32.8937],[117.4997,32.8976],[117.5052,32.9086],[117.5074,32.9242],[117.5124,32.9328],[117.5194,32.937],[117.523,32.9367],[117.5286,32.939],[117.5301,32.9533],[117.5282,32.967],[117.5312,32.9806],[117.5424,32.9746],[117.5673,32.9529],[117.5798,32.9386],[117.59,32.9339],[117.6035,32.9222],[117.6269,32.9248],[117.6367,32.9168],[117.6437,32.9132],[117.6575,32.9108],[117.6718,32.9188],[117.6792,32.9439],[117.6947,32.9693],[117.6983,32.985],[117.7057,33.0002],[117.708,33.0025],[117.7186,33.0064],[117.7336,33.0016],[117.7405,33.0026],[117.7463,33.0098],[117.7626,33.0408],[117.7734,33.0473],[117.7787,33.0476],[117.7875,33.0452],[117.8002,33.0312],[117.8071,33.0281],[117.8143,33.0276],[117.8318,33.0297],[117.8484,33.0345],[117.8652,33.037],[117.8802,33.042],[117.8868,33.0466],[117.8937,33.035],[117.8906,33.0318],[117.8939,33.025],[117.8959,33.0251],[117.8977,33.0174],[117.8925,33.0119],[117.879,33.0044],[117.8797,33.0027],[117.8994,32.9903],[117.9091,32.987],[117.9135,32.9876],[117.9377,33.0086],[117.9479,33.0145],[117.9707,33.002],[117.9764,33.0038],[117.9828,33.0118],[117.9931,33.009],[118.0037,33.0022],[118.0113,33.0017],[118.0334,33.0161],[118.0384,33.0218],[118.0384,33.0245],[118.0368,33.0271],[118.0297,33.0313],[118.0183,33.0345],[118.0052,33.0314],[118.0005,33.0333],[117.9984,33.0406],[118.0044,33.0553],[118.0181,33.0614],[118.0234,33.0678],[118.0327,33.074],[118.0429,33.0757],[118.0516,33.0741],[118.0617,33.0747],[118.0727,33.081],[118.0714,33.0868],[118.0648,33.0997],[118.0726,33.1113],[118.0745,33.1173],[118.0739,33.1351],[118.0507,33.1246],[118.0476,33.1246],[118.0446,33.1272],[118.0465,33.1317],[118.0569,33.1356],[118.0679,33.1351],[118.0706,33.1406],[118.0883,33.1497],[118.149,33.1695],[118.1569,33.1741],[118.16,33.181],[118.1563,33.1955],[118.1601,33.2041],[118.1684,33.2135],[118.1782,33.218],[118.1944,33.2117],[118.2116,33.1991],[118.217,33.1918],[118.2213,33.1822],[118.2226,33.1643],[118.2211,33.1611],[118.2237,33.1555],[118.2196,33.1141],[118.2035,33.1118],[118.2031,33.1102],[118.2105,33.1118],[118.2099,33.1072],[118.2019,33.1057],[118.2099,33.1067],[118.2097,33.1043],[118.2209,33.1059],[118.2233,33.0902],[118.2202,33.0876],[118.2065,33.0913],[118.2028,33.0883],[118.2237,33.0835],[118.2286,33.0698],[118.2149,33.0708],[118.212,33.0622],[118.2334,33.06],[118.2396,33.0465],[118.2435,33.0278],[118.2448,32.9983],[118.2524,32.9821],[118.2597,32.9749],[118.2694,32.9692],[118.3038,32.9687],[118.3088,32.9663],[118.311,32.962],[118.3096,32.959],[118.3018,32.9546],[118.2934,32.9472],[118.2479,32.9348],[118.2368,32.9279],[118.2339,32.9241],[118.233,32.9162],[118.2394,32.8851],[118.2447,32.8736],[118.2506,32.8484],[118.2632,32.8562],[118.2846,32.8573],[118.2865,32.856],[118.2854,32.8502],[118.2867,32.8468],[118.2895,32.8455],[118.2994,32.8475],[118.3015,32.8466],[118.2982,32.8395],[118.2979,32.8321],[118.3031,32.8281],[118.3015,32.8247],[118.3049,32.8173],[118.3062,32.8076],[118.3022,32.8041],[118.2952,32.8026],[118.2944,32.8001],[118.3,32.7833],[118.3025,32.7804],[118.3071,32.7787],[118.3223,32.7775],[118.3265,32.7719],[118.3264,32.7634],[118.3311,32.7611],[118.334,32.7616],[118.3413,32.7698],[118.3469,32.7726],[118.3608,32.7713],[118.3648,32.7695],[118.3673,32.7622],[118.3712,32.7577],[118.3727,32.7432],[118.3663,32.735],[118.3667,32.7276],[118.3753,32.719],[118.3856,32.7187],[118.3987,32.7214],[118.411,32.716],[118.4229,32.7181],[118.4301,32.7224],[118.4371,32.7292],[118.4445,32.7395],[118.4523,32.7435],[118.4546,32.7341],[118.4593,32.7261],[118.4693,32.7224],[118.4801,32.7227],[118.4835,32.7214],[118.4898,32.7245],[118.5049,32.7229],[118.5135,32.7263],[118.5205,32.7232],[118.5256,32.7261],[118.5544,32.7303],[118.56,32.7298],[118.5724,32.7199],[118.5766,32.7191],[118.5879,32.7223],[118.5912,32.7249],[118.6076,32.7266],[118.6177,32.7394],[118.6256,32.7416],[118.6327,32.74],[118.6397,32.7448],[118.6541,32.7407],[118.6576,32.7361],[118.6724,32.7326],[118.6754,32.7304],[118.6941,32.7266],[118.7072,32.7203],[118.7144,32.7197],[118.7245,32.7219],[118.7282,32.7271],[118.7371,32.7325],[118.744,32.7327],[118.7563,32.7371],[118.7575,32.7425],[118.7527,32.7559],[118.7463,32.7593],[118.7415,32.7694],[118.7379,32.7733],[118.7387,32.7814],[118.7373,32.7857],[118.7391,32.7891],[118.7369,32.7934],[118.7426,32.7998],[118.7469,32.8015],[118.7447,32.8283],[118.7412,32.8456],[118.7414,32.8507],[118.7431,32.8526],[118.7418,32.8534],[118.7438,32.8535],[118.7481,32.8588],[118.7518,32.857],[118.7566,32.8575],[118.7583,32.8552],[118.7659,32.8536],[118.7674,32.8515],[118.7712,32.8526],[118.7773,32.8513],[118.7794,32.8487],[118.789,32.8483],[118.7982,32.8531],[118.8094,32.8535],[118.8117,32.855],[118.8125,32.8652],[118.806,32.8708],[118.8072,32.8738],[118.8113,32.8757],[118.8123,32.8864],[118.8148,32.8905],[118.8132,32.8965],[118.8146,32.9027],[118.8093,32.9079],[118.8088,32.9122],[118.8124,32.9171],[118.8193,32.9206],[118.8373,32.9115],[118.8395,32.9225],[118.8463,32.9219],[118.8489,32.9268],[118.8477,32.933],[118.8438,32.938],[118.8425,32.9437],[118.8494,32.9459],[118.8493,32.9566],[118.8583,32.9582],[118.8617,32.9554],[118.8652,32.955],[118.8727,32.9587],[118.8825,32.9568],[118.8847,32.9606],[118.8889,32.9607],[118.8962,32.9578],[118.8912,32.9515],[118.8909,32.9455],[118.8932,32.9409],[118.9036,32.9411],[118.9039,32.9449],[118.9063,32.945],[118.9214,32.9395],[118.9327,32.9385],[118.9416,32.9461],[118.9612,32.9458],[118.9937,32.9582],[119.0089,32.9594],[119.0086,32.9569],[119.0124,32.9552],[119.0208,32.9558],[119.0272,32.9435],[119.0266,32.9372],[119.023,32.9342],[119.03,32.9279],[119.0293,32.9262],[119.0188,32.9246],[119.0193,32.9154],[119.0151,32.9117],[119.0153,32.9079],[119.0195,32.9051],[119.0362,32.908],[119.045,32.9114],[119.0457,32.8925],[119.0506,32.8867],[119.0548,32.8785],[119.0551,32.8747],[119.0621,32.8679],[119.0713,32.8648],[119.1043,32.8267],[119.1131,32.8229],[119.12,32.8218],[119.1525,32.8248],[119.1849,32.8256],[119.1889,32.8109],[119.1913,32.7888],[119.2001,32.7528],[119.2082,32.7405],[119.2099,32.7203],[119.2089,32.7153],[119.2116,32.7082],[119.2087,32.6415],[119.2197,32.6317],[119.2201,32.6269],[119.217,32.6194],[119.2187,32.612],[119.2205,32.6099],[119.231,32.6071],[119.229,32.6028],[119.2235,32.6013],[119.2218,32.5981],[119.2201,32.5924],[119.2202,32.5766],[119.2179,32.5739],[119.2093,32.5736],[119.2024,32.5777],[119.2027,32.5804],[119.1998,32.5826],[119.1925,32.5811],[119.1883,32.5904],[119.1909,32.5947],[119.1871,32.6],[119.1769,32.5938],[119.1765,32.5851],[119.1787,32.5817],[119.1778,32.5771],[119.1752,32.5753],[119.1729,32.5766],[119.1689,32.5753],[119.1679,32.5707],[119.1638,32.5696],[119.1641,32.5679]]]]}},{"type":"Feature","properties":{"adcode":"341200","name":"阜阳市","level":"city","center":[115.814252,32.891032],"site":"https://geojson.hxkj.vip"},"geometry":{"type":"MultiPolygon","coordinates":[[[[116.0757,32.9879],[116.0924,32.9836],[116.0992,32.986],[116.1245,32.9828],[116.1242,32.9789],[116.1326,32.9789],[116.1327,32.9829],[116.1437,32.983],[116.1483,32.9743],[116.1538,32.9755],[116.1688,32.9658],[116.1692,32.9634],[116.165,32.9588],[116.1677,32.9506],[116.1658,32.9418],[116.1686,32.9401],[116.1776,32.924],[116.1917,32.9139],[116.1984,32.8934],[116.2023,32.8909],[116.2127,32.8887],[116.233,32.8899],[116.2426,32.8877],[116.2453,32.885],[116.2485,32.8728],[116.26,32.8691],[116.2675,32.8634],[116.2803,32.859],[116.2926,32.859],[116.3215,32.8704],[116.3481,32.8781],[116.3529,32.8821],[116.3561,32.8877],[116.3667,32.8953],[116.3709,32.9002],[116.387,32.8977],[116.3923,32.8952],[116.395,32.8896],[116.3944,32.8841],[116.386,32.8661],[116.3871,32.8604],[116.39,32.8571],[116.3967,32.8543],[116.4061,32.8534],[116.4181,32.8574],[116.4232,32.8576],[116.44,32.8487],[116.4456,32.8435],[116.4445,32.8318],[116.4396,32.8216],[116.4429,32.8167],[116.4492,32.8139],[116.4425,32.8092],[116.4408,32.8036],[116.4493,32.7868],[116.4468,32.778],[116.4474,32.761],[116.4431,32.7462],[116.4448,32.7431],[116.4452,32.733],[116.4554,32.7299],[116.4523,32.7126],[116.4476,32.7131],[116.4441,32.7066],[116.444,32.7041],[116.4466,32.7016],[116.4455,32.6973],[116.4507,32.6953],[116.4525,32.6881],[116.4592,32.6845],[116.4629,32.6787],[116.4718,32.6805],[116.4872,32.678],[116.4893,32.6818],[116.5022,32.681],[116.5042,32.6777],[116.5038,32.6686],[116.5054,32.6635],[116.5249,32.6596],[116.5267,32.6565],[116.5279,32.6474],[116.5343,32.6348],[116.5364,32.6255],[116.5417,32.6229],[116.5427,32.6207],[116.5417,32.6181],[116.5379,32.6155],[116.54,32.6103],[116.5401,32.603],[116.5508,32.6021],[116.5559,32.6],[116.5547,32.5859],[116.5994,32.5893],[116.6201,32.5834],[116.6258,32.5799],[116.629,32.5752],[116.6351,32.5539],[116.6138,32.5448],[116.5666,32.5442],[116.5237,32.5092],[116.5226,32.4865],[116.51,32.4606],[116.4947,32.4653],[116.4905,32.4484],[116.4848,32.4393],[116.4723,32.4382],[116.4375,32.4509],[116.4048,32.4428],[116.3922,32.4476],[116.3585,32.4647],[116.3328,32.5104],[116.32,32.5212],[116.2805,32.5219],[116.2717,32.5209],[116.2689,32.5073],[116.264,32.4948],[116.2463,32.484],[116.2513,32.4644],[116.2497,32.456],[116.2445,32.4549],[116.2356,32.4659],[116.223,32.4592],[116.2131,32.4637],[116.2037,32.4476],[116.1912,32.4543],[116.1764,32.4254],[116.1714,32.431],[116.1679,32.4398],[116.1481,32.4399],[116.1419,32.4605],[116.1246,32.4711],[116.1134,32.4908],[116.1014,32.5238],[116.0909,32.5392],[116.0764,32.544],[116.0566,32.5463],[116.0379,32.5532],[116.0311,32.5735],[116.022,32.5916],[115.997,32.6029],[115.9872,32.6051],[115.9673,32.6051],[115.9523,32.591],[115.937,32.5719],[115.9284,32.5675],[115.9154,32.5769],[115.8991,32.5782],[115.8916,32.5762],[115.8875,32.5676],[115.8638,32.5397],[115.8614,32.5374],[115.852,32.5351],[115.8418,32.5279],[115.8394,32.5205],[115.8408,32.5003],[115.8238,32.5022],[115.8186,32.4953],[115.8041,32.4855],[115.7848,32.4664],[115.7827,32.4658],[115.781,32.4676],[115.7869,32.4777],[115.7874,32.4832],[115.7857,32.4894],[115.7808,32.4966],[115.7698,32.506],[115.7674,32.5043],[115.7668,32.4924],[115.762,32.4834],[115.7572,32.4802],[115.7439,32.4763],[115.7194,32.4856],[115.705,32.4948],[115.7012,32.4953],[115.6948,32.4912],[115.6915,32.485],[115.6922,32.4806],[115.7008,32.4729],[115.7001,32.469],[115.6746,32.4652],[115.6814,32.4518],[115.6818,32.445],[115.6806,32.44],[115.6744,32.4309],[115.6719,32.4168],[115.6669,32.4094],[115.6596,32.4074],[115.6559,32.4094],[115.658,32.4274],[115.6559,32.43],[115.6456,32.4175],[115.6263,32.4051],[115.6241,32.4055],[115.6209,32.4113],[115.6107,32.4194],[115.6086,32.4248],[115.6046,32.4259],[115.5861,32.4192],[115.5639,32.403],[115.5536,32.4075],[115.5523,32.4114],[115.5545,32.413],[115.5604,32.4106],[115.5642,32.4114],[115.5691,32.4146],[115.5707,32.4201],[115.5563,32.4235],[115.5499,32.423],[115.5473,32.4247],[115.5412,32.4357],[115.5375,32.439],[115.5299,32.4386],[115.5243,32.4407],[115.5233,32.4488],[115.5156,32.4506],[115.5137,32.4526],[115.5135,32.4586],[115.4975,32.4925],[115.4894,32.4975],[115.4898,32.5041],[115.4844,32.5046],[115.4865,32.5115],[115.4776,32.5118],[115.4778,32.5199],[115.4749,32.5217],[115.4657,32.5201],[115.439,32.5326],[115.4378,32.5357],[115.4417,32.5374],[115.4431,32.5399],[115.443,32.5461],[115.4388,32.5486],[115.4346,32.5452],[115.434,32.5497],[115.4317,32.5523],[115.4249,32.55],[115.4168,32.5529],[115.4136,32.5489],[115.4091,32.549],[115.4129,32.5606],[115.4129,32.5675],[115.4104,32.5762],[115.4033,32.5767],[115.401,32.5739],[115.3942,32.5714],[115.3919,32.5663],[115.3901,32.5655],[115.3899,32.57],[115.3877,32.5709],[115.3296,32.5612],[115.3223,32.5643],[115.3205,32.5626],[115.3241,32.5581],[115.324,32.5549],[115.3097,32.5519],[115.3042,32.5538],[115.2965,32.5622],[115.3008,32.5687],[115.3065,32.5679],[115.3109,32.5702],[115.2978,32.5741],[115.2978,32.5763],[115.3019,32.5786],[115.3055,32.5832],[115.3012,32.5884],[115.2994,32.5881],[115.2974,32.5825],[115.2933,32.581],[115.2908,32.583],[115.2892,32.5899],[115.281,32.5912],[115.2801,32.5903],[115.2824,32.5873],[115.2816,32.5852],[115.2661,32.5781],[115.2547,32.585],[115.2544,32.587],[115.262,32.5891],[115.2594,32.5935],[115.2548,32.5952],[115.2496,32.5925],[115.2435,32.5935],[115.2394,32.5881],[115.2332,32.5848],[115.2307,32.5797],[115.2271,32.5786],[115.2237,32.5815],[115.2298,32.5857],[115.231,32.5888],[115.2295,32.5906],[115.2213,32.5898],[115.2162,32.5872],[115.2121,32.5885],[115.2097,32.5926],[115.2011,32.5918],[115.1987,32.5935],[115.1983,32.5973],[115.1915,32.6044],[115.1977,32.608],[115.2035,32.6064],[115.2096,32.6117],[115.1995,32.619],[115.2029,32.6242],[115.2025,32.631],[115.2,32.6336],[115.197,32.6307],[115.1946,32.6313],[115.1949,32.6424],[115.1967,32.645],[115.2027,32.6455],[115.2032,32.6395],[115.2069,32.6369],[115.2095,32.6367],[115.2146,32.6396],[115.2147,32.641],[115.2098,32.6415],[115.2083,32.6485],[115.2164,32.653],[115.2197,32.6588],[115.2121,32.6597],[115.2098,32.6543],[115.204,32.6539],[115.206,32.6612],[115.2051,32.6729],[115.2015,32.6773],[115.1919,32.6834],[115.1888,32.6833],[115.1895,32.6788],[115.1983,32.6743],[115.1992,32.6717],[115.1924,32.6675],[115.1834,32.6662],[115.1842,32.6799],[115.1833,32.682],[115.1781,32.6841],[115.1826,32.6919],[115.1791,32.702],[115.1834,32.7125],[115.1843,32.7204],[115.1794,32.7263],[115.179,32.7393],[115.1822,32.7431],[115.1899,32.7678],[115.1887,32.7727],[115.1824,32.7791],[115.1821,32.7873],[115.1897,32.7902],[115.1982,32.7865],[115.207,32.7853],[115.211,32.786],[115.2126,32.7884],[115.2064,32.7977],[115.1969,32.8021],[115.1903,32.8104],[115.1903,32.8154],[115.1959,32.8281],[115.1885,32.8345],[115.1889,32.8404],[115.2003,32.8416],[115.2027,32.8435],[115.1972,32.8561],[115.1911,32.8575],[115.1762,32.8563],[115.1667,32.8592],[115.156,32.8648],[115.1549,32.8773],[115.1425,32.8843],[115.1441,32.893],[115.1405,32.8975],[115.1162,32.9002],[115.1014,32.8942],[115.0952,32.8964],[115.0847,32.9037],[115.0673,32.9033],[115.0269,32.9075],[115.0249,32.9094],[115.0267,32.9138],[115.0368,32.9163],[115.0384,32.918],[115.0385,32.9223],[115.0342,32.9241],[115.0332,32.9267],[115.0339,32.9284],[115.0357,32.9282],[115.0354,32.9323],[115.024,32.9337],[115.0093,32.9402],[114.9979,32.9413],[114.9625,32.9402],[114.9518,32.9344],[114.9457,32.9338],[114.9422,32.9376],[114.936,32.9522],[114.9314,32.9563],[114.9222,32.9605],[114.9161,32.9713],[114.8993,32.9716],[114.8903,32.9745],[114.8834,32.9838],[114.8828,32.9903],[114.8873,32.994],[114.9016,33.0003],[114.8998,33.0083],[114.9011,33.0084],[114.8986,33.0148],[114.8935,33.016],[114.8941,33.0201],[114.9154,33.0161],[114.9243,33.0167],[114.926,33.0197],[114.9286,33.0201],[114.9299,33.024],[114.937,33.0255],[114.9345,33.0294],[114.9305,33.0305],[114.9296,33.0326],[114.9227,33.0368],[114.9225,33.0483],[114.915,33.0598],[114.915,33.0623],[114.9195,33.0688],[114.914,33.0828],[114.909,33.0841],[114.9059,33.087],[114.8973,33.0866],[114.8969,33.0894],[114.8983,33.0969],[114.9035,33.1056],[114.9063,33.1166],[114.905,33.1241],[114.9024,33.1263],[114.9029,33.1296],[114.908,33.1329],[114.9102,33.1366],[114.9271,33.1386],[114.9291,33.1437],[114.9335,33.1457],[114.9344,33.1504],[114.9327,33.1506],[114.9327,33.154],[114.958,33.15],[114.9599,33.1469],[114.963,33.1485],[114.9661,33.1471],[114.9661,33.1434],[114.9642,33.1431],[114.9682,33.1414],[114.9697,33.1324],[114.9814,33.1291],[114.9828,33.1256],[114.9921,33.1218],[114.9913,33.1016],[114.9965,33.0996],[115.0106,33.0983],[115.0234,33.0907],[115.0413,33.0866],[115.0538,33.0927],[115.0574,33.0837],[115.0595,33.0827],[115.0661,33.0853],[115.1111,33.0829],[115.1533,33.0844],[115.1679,33.0887],[115.1686,33.0996],[115.1724,33.1081],[115.1795,33.1138],[115.1946,33.1207],[115.1971,33.1214],[115.2049,33.1189],[115.2098,33.1135],[115.2201,33.1248],[115.24,33.1279],[115.2463,33.1364],[115.265,33.1325],[115.2672,33.1333],[115.2696,33.1379],[115.2903,33.1324],[115.2929,33.1434],[115.3004,33.1409],[115.3036,33.15],[115.3006,33.1507],[115.3003,33.1528],[115.2985,33.1535],[115.3002,33.163],[115.295,33.1723],[115.2944,33.1779],[115.2978,33.1848],[115.2938,33.1903],[115.295,33.197],[115.2967,33.2012],[115.3009,33.2043],[115.3136,33.2065],[115.3264,33.2113],[115.3264,33.2151],[115.3163,33.2184],[115.3157,33.2219],[115.3177,33.2252],[115.3235,33.2274],[115.331,33.2344],[115.3297,33.2506],[115.3409,33.2636],[115.3409,33.2718],[115.3369,33.2821],[115.3338,33.2847],[115.335,33.2981],[115.3436,33.3011],[115.3492,33.3005],[115.3541,33.2979],[115.3602,33.2981],[115.362,33.2998],[115.3588,33.3115],[115.365,33.336],[115.3619,33.3383],[115.3516,33.3378],[115.3484,33.339],[115.3494,33.3472],[115.3468,33.3587],[115.3385,33.363],[115.3381,33.3649],[115.3434,33.3675],[115.3431,33.3707],[115.3161,33.371],[115.3128,33.3748],[115.3202,33.3884],[115.3271,33.3947],[115.3294,33.4003],[115.3287,33.4036],[115.3165,33.4209],[115.3156,33.4314],[115.319,33.4434],[115.3163,33.4465],[115.3164,33.4489],[115.3239,33.449],[115.3231,33.4531],[115.3246,33.4576],[115.3359,33.4473],[115.3469,33.4508],[115.3468,33.4639],[115.3491,33.4711],[115.3489,33.479],[115.3438,33.4809],[115.3455,33.4844],[115.3478,33.4836],[115.3488,33.4881],[115.3505,33.4877],[115.3512,33.4904],[115.3484,33.4922],[115.3486,33.498],[115.3457,33.5001],[115.3467,33.5049],[115.3615,33.5169],[115.3666,33.5235],[115.3728,33.5196],[115.3726,33.5163],[115.3798,33.5157],[115.385,33.5127],[115.3893,33.5101],[115.3895,33.5064],[115.3904,33.5095],[115.3936,33.5076],[115.3968,33.502],[115.4027,33.5094],[115.4054,33.5167],[115.4017,33.5244],[115.4073,33.5285],[115.4067,33.5346],[115.4114,33.5364],[115.4138,33.5395],[115.4167,33.5377],[115.418,33.5424],[115.4116,33.5438],[115.4121,33.5461],[115.4103,33.5462],[115.4108,33.5503],[115.416,33.5512],[115.4162,33.5554],[115.4459,33.5623],[115.4528,33.5617],[115.4596,33.5667],[115.4637,33.5672],[115.4683,33.5612],[115.4743,33.5573],[115.485,33.5586],[115.5006,33.5648],[115.5019,33.5644],[115.503,33.5582],[115.5083,33.5537],[115.5113,33.5533],[115.5161,33.5572],[115.5229,33.5589],[115.5286,33.5627],[115.5422,33.5658],[115.5513,33.566],[115.5593,33.562],[115.5639,33.5682],[115.565,33.5764],[115.6011,33.5782],[115.6181,33.5824],[115.6197,33.5786],[115.6213,33.5793],[115.6208,33.5827],[115.6397,33.5851],[115.6467,33.5608],[115.6457,33.5569],[115.6487,33.555],[115.6512,33.5446],[115.6629,33.5264],[115.6795,33.5061],[115.6902,33.5067],[115.6983,33.5095],[115.7057,33.5081],[115.7208,33.5109],[115.7495,33.4999],[115.7519,33.4956],[115.7689,33.4909],[115.7732,33.4847],[115.7862,33.4811],[115.7958,33.4687],[115.8129,33.4646],[115.8308,33.4514],[115.8378,33.4525],[115.8492,33.4506],[115.8559,33.4413],[115.8798,33.418],[115.8819,33.4136],[115.8912,33.4093],[115.8923,33.4036],[115.8974,33.4005],[115.8985,33.3904],[115.8951,33.3836],[115.8975,33.3782],[115.8965,33.3658],[115.8984,33.357],[115.9103,33.3424],[115.9111,33.3361],[115.9138,33.3338],[115.9144,33.3289],[115.9206,33.3253],[115.9199,33.3136],[115.9258,33.3108],[115.9247,33.3053],[115.9278,33.2987],[115.9126,33.294],[115.9163,33.2875],[115.916,33.2795],[115.9106,33.2753],[115.91,33.2701],[115.9122,33.2663],[115.9077,33.2607],[115.9067,33.256],[115.9101,33.2548],[115.9096,33.2459],[115.9181,33.2422],[115.9261,33.2273],[115.9222,33.2229],[115.9183,33.2213],[115.9165,33.2155],[115.8824,33.2454],[115.877,33.2483],[115.8663,33.2507],[115.8528,33.2593],[115.8385,33.2625],[115.8375,33.2593],[115.8321,33.2567],[115.8313,33.2549],[115.8331,33.2402],[115.8297,33.2406],[115.8297,33.2317],[115.8345,33.2302],[115.8355,33.2234],[115.8329,33.2232],[115.8353,33.2138],[115.8453,33.1935],[115.8414,33.1802],[115.8331,33.174],[115.833,33.1682],[115.8299,33.1681],[115.8292,33.1647],[115.8262,33.1644],[115.8243,33.1509],[115.8311,33.1572],[115.8502,33.1536],[115.8502,33.1361],[115.8392,33.1349],[115.8395,33.1329],[115.842,33.1316],[115.8426,33.126],[115.8659,33.1256],[115.8678,33.1226],[115.8771,33.1222],[115.8771,33.1141],[115.8749,33.1139],[115.872,33.1031],[115.8668,33.1024],[115.8667,33.0944],[115.8892,33.0928],[115.8985,33.0937],[115.9043,33.0924],[115.9091,33.0884],[115.9222,33.0865],[115.9225,33.094],[115.9341,33.0931],[115.9354,33.0859],[115.965,33.0826],[115.964,33.0761],[115.9808,33.0708],[115.9839,33.0681],[116.0025,33.0601],[116.0182,33.0561],[116.0187,33.051],[116.014,33.0505],[116.0111,33.047],[116.0102,33.0439],[116.0129,33.042],[116.0421,33.0488],[116.049,33.0466],[116.0552,33.0342],[116.0517,33.0187],[116.059,33.017],[116.0601,33.0037],[116.0526,32.9951],[116.0536,32.9923],[116.0699,32.983],[116.0738,32.9834],[116.0736,32.9856],[116.0758,32.9863],[116.0757,32.9879]]]]}},{"type":"Feature","properties":{"adcode":"341300","name":"宿州市","level":"city","center":[116.96419,33.647726],"site":"https://geojson.hxkj.vip"},"geometry":{"type":"MultiPolygon","coordinates":[[[[116.6042,34.0214],[116.5961,34.0395],[116.5874,34.0457],[116.5863,34.0505],[116.5818,34.054],[116.5811,34.0583],[116.5769,34.064],[116.5776,34.0656],[116.5803,34.0655],[116.5804,34.0674],[116.5762,34.0684],[116.5731,34.0722],[116.5706,34.071],[116.5677,34.076],[116.5669,34.0838],[116.5605,34.0897],[116.5582,34.0972],[116.5395,34.0966],[116.5415,34.1099],[116.5347,34.1136],[116.5323,34.1211],[116.528,34.1228],[116.5347,34.1266],[116.5355,34.1476],[116.5383,34.1543],[116.5459,34.161],[116.5579,34.1646],[116.5655,34.1695],[116.5656,34.1737],[116.5608,34.1781],[116.5601,34.1858],[116.5543,34.1864],[116.5509,34.1891],[116.5463,34.1947],[116.5472,34.1994],[116.5431,34.2038],[116.5476,34.207],[116.5434,34.2111],[116.5428,34.2203],[116.5437,34.2241],[116.5471,34.2282],[116.5445,34.2318],[116.5455,34.2359],[116.5436,34.2395],[116.5458,34.2419],[116.554,34.2419],[116.5605,34.2485],[116.5684,34.2518],[116.5823,34.2665],[116.5824,34.2752],[116.5665,34.2844],[116.5163,34.296],[116.5031,34.2965],[116.4923,34.292],[116.4934,34.2886],[116.4859,34.2864],[116.4867,34.281],[116.4812,34.278],[116.4812,34.2742],[116.4704,34.2735],[116.4569,34.2691],[116.4555,34.2739],[116.4486,34.2804],[116.4528,34.2865],[116.4507,34.2883],[116.4458,34.2882],[116.4385,34.2857],[116.4384,34.2827],[116.4362,34.2836],[116.4373,34.2822],[116.436,34.2808],[116.4342,34.2797],[116.4331,34.2807],[116.4307,34.278],[116.4332,34.2701],[116.4316,34.2716],[116.4273,34.2702],[116.4271,34.272],[116.42,34.2686],[116.4199,34.2702],[116.4178,34.2684],[116.4173,34.27],[116.4162,34.2683],[116.4159,34.27],[116.4132,34.2696],[116.4124,34.2739],[116.4126,34.2724],[116.4106,34.2724],[116.4101,34.276],[116.4092,34.2738],[116.4069,34.2738],[116.4061,34.2765],[116.4012,34.2757],[116.4007,34.2719],[116.3996,34.2719],[116.3999,34.275],[116.3945,34.2742],[116.3939,34.2761],[116.3778,34.2723],[116.3722,34.2661],[116.3645,34.2695],[116.3633,34.2762],[116.3726,34.2912],[116.3734,34.294],[116.3711,34.3029],[116.3646,34.3107],[116.365,34.3124],[116.3574,34.3141],[116.3577,34.3198],[116.3297,34.3297],[116.3174,34.336],[116.3126,34.3372],[116.3094,34.3345],[116.3071,34.3353],[116.3044,34.3398],[116.2926,34.351],[116.2893,34.3597],[116.2768,34.3604],[116.2708,34.3707],[116.2659,34.3747],[116.2556,34.3765],[116.236,34.375],[116.2136,34.3822],[116.21,34.3872],[116.2099,34.3902],[116.2171,34.3955],[116.2159,34.4033],[116.2053,34.4157],[116.1792,34.4305],[116.1749,34.4447],[116.162,34.4594],[116.1678,34.4684],[116.1661,34.4713],[116.1672,34.4733],[116.1735,34.4747],[116.1789,34.4836],[116.1786,34.496],[116.1895,34.4971],[116.2039,34.5087],[116.2038,34.5187],[116.1985,34.5218],[116.1929,34.5323],[116.1931,34.5361],[116.191,34.5361],[116.192,34.5449],[116.1963,34.5557],[116.1971,34.5667],[116.1957,34.5694],[116.199,34.5705],[116.197,34.576],[116.199,34.5775],[116.2063,34.5781],[116.2169,34.5751],[116.2242,34.5675],[116.2297,34.558],[116.2334,34.5551],[116.2477,34.5518],[116.2521,34.5568],[116.2485,34.561],[116.2526,34.5609],[116.2529,34.5657],[116.2592,34.5676],[116.2593,34.5692],[116.2555,34.57],[116.2551,34.5729],[116.2601,34.5746],[116.2642,34.5808],[116.2653,34.5817],[116.2714,34.5795],[116.2832,34.5824],[116.2835,34.5928],[116.2809,34.5942],[116.2805,34.6043],[116.2831,34.6029],[116.2856,34.6048],[116.2943,34.6059],[116.2962,34.6088],[116.3074,34.5978],[116.3124,34.5972],[116.3124,34.5992],[116.3246,34.6005],[116.326,34.6013],[116.3258,34.605],[116.3292,34.6051],[116.3292,34.6093],[116.3307,34.6093],[116.3305,34.6169],[116.3284,34.6167],[116.3285,34.6202],[116.3314,34.6204],[116.3335,34.6239],[116.3395,34.6209],[116.3509,34.6212],[116.3721,34.6334],[116.3742,34.64],[116.3754,34.6366],[116.3809,34.6371],[116.3811,34.6346],[116.387,34.6335],[116.3872,34.6308],[116.3918,34.6314],[116.3917,34.6418],[116.3934,34.6431],[116.4305,34.6508],[116.432,34.632],[116.4376,34.626],[116.4476,34.6206],[116.4564,34.618],[116.4736,34.6176],[116.4772,34.6151],[116.4784,34.6039],[116.4914,34.5889],[116.4895,34.5818],[116.4904,34.5733],[116.4946,34.5685],[116.5096,34.5575],[116.5261,34.5534],[116.526,34.5514],[116.5209,34.5479],[116.5207,34.5432],[116.523,34.5414],[116.5292,34.5407],[116.5481,34.5429],[116.5705,34.5234],[116.5877,34.5125],[116.5952,34.5115],[116.599,34.5002],[116.5969,34.4958],[116.5925,34.4938],[116.5873,34.4941],[116.5736,34.4977],[116.5702,34.4962],[116.5685,34.4933],[116.5729,34.4896],[116.6059,34.4878],[116.6234,34.4886],[116.6349,34.4854],[116.6459,34.4791],[116.6626,34.473],[116.7229,34.4727],[116.7451,34.4683],[116.7607,34.4626],[116.7737,34.4535],[116.7784,34.4482],[116.7827,34.4383],[116.7827,34.4302],[116.7899,34.4269],[116.7933,34.4201],[116.8091,34.4088],[116.8281,34.3892],[116.8441,34.3888],[116.8646,34.3912],[116.8835,34.4031],[116.9092,34.4083],[116.9206,34.407],[116.9456,34.3955],[116.959,34.3934],[116.9693,34.3888],[116.9609,34.372],[116.9608,34.364],[116.9808,34.3581],[116.9829,34.3544],[116.9832,34.348],[116.9817,34.3421],[116.9714,34.3286],[116.9692,34.3231],[116.9711,34.3139],[116.9766,34.3109],[116.9763,34.3049],[116.9697,34.2931],[116.969,34.2837],[116.9728,34.2784],[116.993,34.2647],[117.0073,34.257],[117.0189,34.2555],[117.0208,34.2433],[117.0275,34.2402],[117.0311,34.2428],[117.0366,34.2284],[117.0339,34.2282],[117.0343,34.2237],[117.0321,34.2226],[117.0319,34.2248],[117.0285,34.2247],[117.0302,34.2214],[117.0233,34.2159],[117.0215,34.2161],[117.0217,34.2137],[117.0157,34.2165],[117.0158,34.2184],[117.0127,34.2173],[117.0091,34.2204],[117.009,34.2333],[117.0019,34.2261],[116.9946,34.2228],[116.9888,34.2052],[116.9954,34.2063],[116.9803,34.1959],[116.9818,34.1913],[116.981,34.189],[116.9773,34.1867],[116.9767,34.1822],[116.982,34.1812],[116.9791,34.1763],[116.9817,34.1745],[116.9841,34.1783],[116.9906,34.1804],[116.9895,34.1769],[116.9862,34.1775],[116.9849,34.1744],[116.9968,34.1707],[116.9947,34.164],[116.9913,34.165],[116.99,34.1624],[116.9888,34.1629],[116.987,34.1604],[116.9888,34.1596],[116.9868,34.1568],[116.985,34.1575],[116.9831,34.1536],[116.979,34.1546],[116.9824,34.1666],[116.9762,34.1676],[116.9755,34.1663],[116.9722,34.1533],[116.9803,34.1392],[117.0034,34.1443],[117.0049,34.1514],[117.0078,34.1517],[117.0084,34.1533],[117.0131,34.1498],[117.0233,34.1617],[117.0317,34.1557],[117.0328,34.1565],[117.031,34.161],[117.0315,34.1667],[117.0384,34.1674],[117.0451,34.1589],[117.047,34.1514],[117.0549,34.1551],[117.0652,34.1517],[117.0723,34.1467],[117.09,34.1457],[117.0967,34.1411],[117.1064,34.1304],[117.112,34.1286],[117.1238,34.1282],[117.1272,34.1259],[117.13,34.1175],[117.1312,34.1074],[117.1303,34.1018],[117.1466,34.0978],[117.1512,34.0996],[117.1579,34.0987],[117.1495,34.0786],[117.1696,34.0771],[117.1698,34.0802],[117.1821,34.0761],[117.1927,34.0687],[117.207,34.0686],[117.2076,34.074],[117.2121,34.0747],[117.2247,34.0642],[117.2571,34.0657],[117.2579,34.0718],[117.2665,34.0719],[117.274,34.0773],[117.28,34.0791],[117.2878,34.0787],[117.2889,34.075],[117.2938,34.0711],[117.3087,34.0674],[117.3115,34.0681],[117.3154,34.0795],[117.3195,34.0844],[117.3434,34.0806],[117.3531,34.0884],[117.3572,34.0882],[117.3756,34.0753],[117.3778,34.0714],[117.3756,34.0669],[117.3711,34.0632],[117.3711,34.0607],[117.3775,34.0572],[117.3882,34.0556],[117.3992,34.0434],[117.4057,34.0301],[117.4156,34.0259],[117.4385,34.0292],[117.4553,34.0282],[117.4561,34.0358],[117.4768,34.0476],[117.4944,34.05],[117.5004,34.0523],[117.5049,34.0616],[117.5104,34.0621],[117.5236,34.0576],[117.5244,34.0555],[117.5271,34.055],[117.5274,34.0564],[117.5327,34.0532],[117.5321,34.0503],[117.5361,34.048],[117.5361,34.0511],[117.5392,34.0492],[117.5389,34.0471],[117.5465,34.0449],[117.5425,34.0217],[117.5447,34.0136],[117.5581,34.0057],[117.5659,33.9887],[117.5716,33.9836],[117.5758,33.9829],[117.5882,33.9879],[117.5932,33.9943],[117.5979,33.997],[117.6103,33.9992],[117.6155,34.0029],[117.6181,34.0171],[117.6102,34.0293],[117.6164,34.0323],[117.6232,34.0328],[117.623,34.0307],[117.6298,34.0287],[117.6422,34.0186],[117.6425,34.0154],[117.6614,34.0027],[117.6702,33.9943],[117.6713,33.9867],[117.663,33.9687],[117.667,33.957],[117.6725,33.9524],[117.6726,33.935],[117.6901,33.9154],[117.7036,33.8878],[117.7154,33.8793],[117.7212,33.8804],[117.735,33.8893],[117.743,33.8924],[117.7538,33.8914],[117.7587,33.8857],[117.7592,33.8745],[117.7558,33.8633],[117.7524,33.8633],[117.7557,33.8494],[117.753,33.8472],[117.7501,33.8272],[117.7472,33.8261],[117.7462,33.8237],[117.7525,33.8129],[117.7524,33.8088],[117.749,33.7916],[117.7442,33.7781],[117.7419,33.7628],[117.7354,33.7487],[117.7326,33.749],[117.7318,33.7464],[117.7278,33.7473],[117.7272,33.7457],[117.7237,33.7473],[117.7228,33.7408],[117.7246,33.7379],[117.733,33.7335],[117.7356,33.7276],[117.7336,33.7246],[117.7353,33.7227],[117.7347,33.7208],[117.7361,33.7226],[117.7461,33.7175],[117.7447,33.7113],[117.7499,33.7109],[117.753,33.7126],[117.7542,33.7113],[117.7547,33.7139],[117.7573,33.714],[117.7582,33.717],[117.763,33.7177],[117.7677,33.7222],[117.7779,33.7225],[117.7878,33.7279],[117.7918,33.7334],[117.8056,33.7362],[117.817,33.7345],[117.8255,33.7373],[117.8365,33.734],[117.8443,33.7361],[117.8583,33.7345],[117.8799,33.7278],[117.8871,33.7281],[117.8877,33.7226],[117.8952,33.7197],[117.9017,33.7201],[117.9003,33.7269],[117.8976,33.7293],[117.8979,33.7334],[117.9006,33.7342],[117.9005,33.7357],[117.9102,33.7355],[117.9097,33.7376],[117.9158,33.7384],[117.9182,33.7343],[117.9367,33.7294],[117.9431,33.7307],[117.9494,33.7341],[117.9528,33.7382],[117.9554,33.7536],[117.9651,33.7635],[117.9712,33.757],[117.9731,33.7493],[117.9828,33.7473],[117.9944,33.75],[117.9944,33.7474],[117.9968,33.7474],[117.9967,33.7461],[118.0039,33.745],[118.0042,33.7461],[118.0091,33.7459],[118.01,33.749],[118.0136,33.7488],[118.0135,33.7457],[118.0188,33.7458],[118.02,33.7387],[118.0309,33.7405],[118.0283,33.7466],[118.0302,33.7481],[118.0423,33.7502],[118.0422,33.7478],[118.0442,33.7483],[118.0447,33.7459],[118.0475,33.7459],[118.0457,33.75],[118.0569,33.7572],[118.0624,33.7584],[118.0649,33.7611],[118.0656,33.7658],[118.106,33.7646],[118.1105,33.7676],[118.1138,33.7678],[118.1161,33.7674],[118.1157,33.7638],[118.1214,33.763],[118.1309,33.7532],[118.1412,33.7478],[118.1489,33.7464],[118.1637,33.7508],[118.186,33.7441],[118.1753,33.7347],[118.1714,33.7337],[118.161,33.7355],[118.1534,33.7202],[118.1681,33.7146],[118.1654,33.7062],[118.164,33.6926],[118.1681,33.6637],[118.1206,33.622],[118.1122,33.6168],[118.1154,33.6085],[118.1178,33.5938],[118.11,33.5316],[118.1084,33.53],[118.0991,33.5294],[118.0989,33.5269],[118.1002,33.5266],[118.1001,33.523],[118.1047,33.5224],[118.1047,33.5203],[118.108,33.5202],[118.1094,33.5185],[118.1068,33.5039],[118.1081,33.4751],[118.0617,33.4908],[118.0506,33.4921],[118.0436,33.4737],[118.0403,33.4733],[118.0287,33.4584],[118.0265,33.4443],[118.0232,33.4398],[118.0219,33.4212],[118.0169,33.407],[118.0177,33.4023],[118.0283,33.3906],[118.026,33.3815],[118.0295,33.3727],[118.0067,33.3527],[117.998,33.3479],[117.9704,33.3486],[117.9703,33.3423],[117.9753,33.3357],[117.979,33.3342],[117.9733,33.3301],[117.9521,33.3288],[117.9165,33.3299],[117.9164,33.3339],[117.9092,33.3444],[117.8979,33.3403],[117.899,33.3336],[117.8944,33.3306],[117.871,33.3292],[117.8592,33.325],[117.8553,33.3186],[117.8535,33.3043],[117.8499,33.2977],[117.8466,33.2952],[117.839,33.2944],[117.8248,33.2991],[117.8145,33.2996],[117.8096,33.2962],[117.8092,33.2855],[117.8034,33.2788],[117.7933,33.2775],[117.7879,33.2801],[117.7754,33.2824],[117.7378,33.2751],[117.7281,33.2848],[117.7106,33.283],[117.7036,33.2881],[117.6927,33.2916],[117.6902,33.305],[117.6771,33.3099],[117.6715,33.3166],[117.6678,33.3279],[117.64,33.3344],[117.6319,33.3437],[117.6237,33.3454],[117.6094,33.3398],[117.5897,33.3233],[117.5807,33.3221],[117.5691,33.3289],[117.5643,33.3281],[117.5572,33.3302],[117.5531,33.3263],[117.5511,33.3262],[117.5475,33.3283],[117.5411,33.3286],[117.5298,33.3364],[117.5217,33.3395],[117.5172,33.3386],[117.5092,33.3423],[117.5074,33.3461],[117.4935,33.346],[117.4891,33.3473],[117.4843,33.3456],[117.4771,33.3478],[117.4336,33.379],[117.4258,33.3961],[117.4282,33.3983],[117.4284,33.4037],[117.4228,33.4011],[117.4146,33.4057],[117.4119,33.4123],[117.4045,33.4189],[117.3972,33.4342],[117.3963,33.4459],[117.3915,33.4563],[117.3823,33.4625],[117.3654,33.4709],[117.3452,33.4757],[117.3204,33.4761],[117.3096,33.4909],[117.2983,33.4974],[117.2987,33.4932],[117.2638,33.4967],[117.2512,33.5014],[117.2431,33.5016],[117.2422,33.4903],[117.2352,33.4783],[117.2171,33.4593],[117.2172,33.4564],[117.2149,33.4564],[117.213,33.4527],[117.208,33.4531],[117.2027,33.4235],[117.1585,33.4585],[117.1531,33.4383],[117.149,33.4408],[117.1401,33.4422],[117.1363,33.4364],[117.1288,33.4346],[117.1268,33.4224],[117.1347,33.4197],[117.1437,33.4097],[117.1334,33.3874],[117.1291,33.3853],[117.1261,33.3811],[117.123,33.3843],[117.1142,33.3863],[117.1081,33.3909],[117.1082,33.3995],[117.1066,33.3997],[117.1037,33.3966],[117.0982,33.3991],[117.094,33.3984],[117.0843,33.407],[117.0748,33.402],[117.0654,33.3934],[117.0607,33.3923],[117.0512,33.3714],[117.0599,33.3702],[117.0625,33.374],[117.0719,33.3709],[117.0849,33.3655],[117.0968,33.3536],[117.0939,33.347],[117.0797,33.3437],[117.0749,33.3339],[117.0643,33.3328],[117.0652,33.3213],[117.0705,33.3189],[117.0917,33.3163],[117.0993,33.3078],[117.0955,33.2849],[117.0733,33.289],[117.0371,33.2928],[117.0254,33.2964],[117.0202,33.2884],[117.0103,33.2781],[116.999,33.2785],[116.9867,33.2817],[116.9787,33.2791],[116.9708,33.2786],[116.9502,33.2887],[116.9379,33.3013],[116.9234,33.307],[116.9294,33.3171],[116.9294,33.3203],[116.9273,33.3247],[116.9224,33.328],[116.9183,33.3285],[116.9208,33.3324],[116.9207,33.3364],[116.9159,33.3397],[116.9136,33.3435],[116.9154,33.3457],[116.9208,33.3447],[116.9242,33.3466],[116.9272,33.358],[116.9334,33.3611],[116.9411,33.3765],[116.9429,33.3774],[116.9572,33.3745],[116.9589,33.3808],[116.9665,33.3877],[116.9738,33.3913],[116.9642,33.4004],[116.9696,33.414],[116.966,33.4159],[116.9652,33.4191],[116.9714,33.4296],[116.9662,33.4331],[116.9668,33.4433],[116.9599,33.4454],[116.9588,33.4523],[116.9417,33.4529],[116.9308,33.4602],[116.9288,33.4708],[116.914,33.4731],[116.9112,33.4764],[116.9049,33.4771],[116.9034,33.479],[116.9196,33.4929],[116.9156,33.4964],[116.9151,33.4987],[116.9127,33.4991],[116.9119,33.5015],[116.9035,33.5041],[116.9136,33.5397],[116.9171,33.5385],[116.9202,33.543],[116.9279,33.5439],[116.9289,33.5494],[116.9253,33.5498],[116.9269,33.5547],[116.9288,33.5554],[116.9376,33.5785],[116.9362,33.5805],[116.9334,33.5806],[116.9267,33.5772],[116.9198,33.5768],[116.9152,33.5783],[116.9122,33.5743],[116.9073,33.576],[116.8995,33.5721],[116.8957,33.5765],[116.8858,33.58],[116.8737,33.5896],[116.8683,33.5965],[116.8597,33.6243],[116.8608,33.6287],[116.8679,33.6374],[116.871,33.644],[116.8718,33.6505],[116.8696,33.6619],[116.8715,33.6734],[116.8737,33.6759],[116.8808,33.6769],[116.8899,33.6746],[116.8911,33.6885],[116.8935,33.6862],[116.8949,33.6867],[116.8964,33.6911],[116.8987,33.6913],[116.8992,33.6789],[116.9289,33.6709],[116.9279,33.7023],[116.9393,33.7051],[116.9371,33.7197],[116.933,33.7314],[116.9322,33.7452],[116.9344,33.7482],[116.938,33.7464],[116.9508,33.7461],[116.9481,33.7526],[116.9439,33.7565],[116.9421,33.7728],[116.9476,33.779],[116.9477,33.7851],[116.9501,33.7883],[116.9496,33.8088],[116.9518,33.8191],[116.9512,33.831],[116.9585,33.8497],[116.9581,33.8702],[116.9611,33.8897],[116.9628,33.8929],[116.9753,33.8957],[116.981,33.9003],[116.987,33.8995],[116.9968,33.9111],[116.9969,33.9149],[116.9936,33.9177],[116.9905,33.925],[116.9996,33.9395],[116.9989,33.9453],[116.9916,33.9514],[116.994,33.9568],[116.9913,33.9618],[116.9837,33.965],[116.9774,33.9615],[116.9709,33.9618],[116.9573,33.9676],[116.9658,33.9805],[116.9696,33.9818],[116.9732,33.9854],[116.9732,33.9882],[116.9775,33.9936],[116.974,33.9987],[116.9786,34.0072],[116.972,34.0137],[116.9694,34.0137],[116.9716,34.0256],[116.9679,34.0269],[116.9672,34.0289],[116.9477,34.031],[116.9502,34.0369],[116.9469,34.0447],[116.948,34.0522],[116.9617,34.0642],[116.9731,34.079],[116.9609,34.0802],[116.9556,34.0778],[116.9296,34.0806],[116.9319,34.0867],[116.9287,34.0912],[116.9089,34.099],[116.9046,34.0993],[116.8889,34.0827],[116.8741,34.074],[116.8705,34.077],[116.8536,34.0818],[116.8507,34.0825],[116.8468,34.0807],[116.8479,34.0764],[116.8459,34.0698],[116.8335,34.0662],[116.8322,34.0613],[116.8284,34.0586],[116.8166,34.0728],[116.8164,34.0789],[116.8187,34.0861],[116.8062,34.077],[116.8117,34.0679],[116.8083,34.064],[116.8019,34.0324],[116.8057,34.026],[116.8077,34.0124],[116.8042,34.0022],[116.805,33.9988],[116.8025,33.9935],[116.7978,33.9948],[116.7962,34.0034],[116.7841,34.0073],[116.7844,34.0113],[116.7524,34.013],[116.7498,34.0168],[116.7458,34.017],[116.7343,34.0121],[116.7332,34.015],[116.7306,34.0162],[116.7214,34.0141],[116.7111,34.0142],[116.7039,34.0094],[116.6899,34.0162],[116.6839,34.0138],[116.6828,34.0102],[116.681,34.01],[116.6624,34.0182],[116.6488,34.0214],[116.6474,34.0184],[116.6436,34.0178],[116.6379,34.0184],[116.6336,34.0208],[116.6246,34.0176],[116.6082,34.0209],[116.6042,34.0214]]]]}},{"type":"Feature","properties":{"adcode":"341500","name":"六安市","level":"city","center":[116.519729,31.735892],"site":"https://geojson.hxkj.vip"},"geometry":{"type":"MultiPolygon","coordinates":[[[[116.5589,31.0323],[116.5436,31.0203],[116.5361,31.0197],[116.5306,31.021],[116.5324,31.0297],[116.5309,31.0353],[116.5349,31.0447],[116.5334,31.0562],[116.5388,31.0647],[116.5387,31.0721],[116.5485,31.0919],[116.5595,31.1043],[116.5627,31.1111],[116.5601,31.1178],[116.5559,31.1211],[116.5593,31.1299],[116.557,31.1349],[116.5567,31.1427],[116.5584,31.1476],[116.5537,31.1554],[116.5526,31.1616],[116.5533,31.1673],[116.5566,31.1722],[116.5564,31.1755],[116.5528,31.1797],[116.5435,31.182],[116.5392,31.1786],[116.5378,31.1737],[116.53,31.1695],[116.5252,31.1631],[116.5195,31.1602],[116.5069,31.1413],[116.5019,31.1415],[116.4954,31.1493],[116.4864,31.1393],[116.4792,31.1362],[116.4701,31.1357],[116.4635,31.1315],[116.4595,31.1253],[116.4533,31.1244],[116.4401,31.1272],[116.4353,31.1305],[116.4303,31.1468],[116.4135,31.1633],[116.4082,31.164],[116.3948,31.1622],[116.3884,31.1653],[116.3783,31.1656],[116.367,31.1722],[116.3595,31.174],[116.3525,31.1677],[116.3461,31.1654],[116.3448,31.1629],[116.3452,31.1562],[116.3404,31.1507],[116.3307,31.1456],[116.318,31.1447],[116.3085,31.1392],[116.3063,31.1357],[116.3073,31.1305],[116.3035,31.1231],[116.3001,31.1203],[116.2959,31.1194],[116.2962,31.1174],[116.2923,31.1178],[116.2923,31.1138],[116.2875,31.1139],[116.2878,31.1118],[116.2818,31.108],[116.2791,31.1089],[116.2794,31.1057],[116.2744,31.1041],[116.2738,31.1005],[116.2686,31.1002],[116.2658,31.0898],[116.2614,31.0824],[116.2434,31.0756],[116.2267,31.0641],[116.2131,31.0591],[116.2003,31.0579],[116.1887,31.0608],[116.1838,31.0649],[116.1809,31.0706],[116.1803,31.075],[116.1822,31.0791],[116.1792,31.0876],[116.1662,31.0976],[116.1611,31.0994],[116.1411,31.0945],[116.1205,31.087],[116.1012,31.0947],[116.0935,31.0907],[116.094,31.0847],[116.0885,31.0796],[116.0664,31.0701],[116.051,31.0496],[116.0516,31.0422],[116.0479,31.0304],[116.0461,31.0145],[116.015,31.0119],[116.0101,31.0173],[116.0066,31.0347],[116.0037,31.0357],[115.9941,31.0346],[115.9837,31.0419],[115.9656,31.0463],[115.9611,31.0469],[115.9462,31.0424],[115.9406,31.0439],[115.9386,31.0473],[115.9422,31.0607],[115.9398,31.0717],[115.9257,31.0768],[115.9094,31.0908],[115.9039,31.0884],[115.8951,31.0975],[115.8874,31.1093],[115.8864,31.1274],[115.8827,31.1365],[115.8801,31.1419],[115.8736,31.1466],[115.8671,31.1474],[115.8571,31.1433],[115.8376,31.1271],[115.8291,31.1264],[115.8133,31.1309],[115.7979,31.1279],[115.7915,31.124],[115.7893,31.1197],[115.7815,31.1135],[115.7757,31.112],[115.7701,31.113],[115.764,31.1182],[115.7631,31.1241],[115.7558,31.1425],[115.7529,31.1441],[115.749,31.1514],[115.7458,31.1537],[115.7362,31.1562],[115.7357,31.1655],[115.732,31.1757],[115.724,31.1805],[115.7129,31.1839],[115.7142,31.196],[115.7104,31.2006],[115.6988,31.2036],[115.6904,31.203],[115.6781,31.2077],[115.6631,31.2103],[115.6553,31.211],[115.6459,31.2096],[115.6363,31.2],[115.6291,31.1847],[115.618,31.178],[115.6037,31.1737],[115.5998,31.1557],[115.5941,31.1471],[115.5874,31.1444],[115.5817,31.1452],[115.5596,31.1603],[115.5547,31.1699],[115.5425,31.187],[115.5393,31.2037],[115.5384,31.2204],[115.5397,31.2319],[115.5301,31.2494],[115.5256,31.2545],[115.516,31.2635],[115.5076,31.2679],[115.501,31.2624],[115.494,31.2659],[115.4832,31.2641],[115.4731,31.2653],[115.4664,31.2763],[115.4568,31.2829],[115.4608,31.3051],[115.464,31.3104],[115.4636,31.3152],[115.4609,31.3181],[115.4539,31.3139],[115.4496,31.3159],[115.4448,31.3391],[115.442,31.3461],[115.4339,31.3494],[115.4245,31.347],[115.422,31.3506],[115.41,31.343],[115.4059,31.3376],[115.3991,31.343],[115.3721,31.3493],[115.3725,31.3515],[115.3825,31.3566],[115.3833,31.3584],[115.3829,31.3622],[115.3756,31.3721],[115.3832,31.3756],[115.3901,31.3837],[115.3928,31.3899],[115.3912,31.3932],[115.3736,31.4058],[115.375,31.4106],[115.3845,31.4202],[115.3856,31.4433],[115.3899,31.4494],[115.3776,31.4705],[115.3731,31.483],[115.3749,31.4875],[115.3716,31.4917],[115.3716,31.4958],[115.3771,31.503],[115.3896,31.5076],[115.3968,31.5152],[115.408,31.5198],[115.4171,31.5273],[115.4285,31.5472],[115.4287,31.553],[115.4316,31.559],[115.4282,31.5634],[115.4281,31.5659],[115.4333,31.5757],[115.4385,31.5792],[115.44,31.5887],[115.4445,31.5919],[115.4574,31.5965],[115.4723,31.6055],[115.4853,31.6091],[115.4882,31.6122],[115.4907,31.6188],[115.4907,31.6236],[115.4766,31.6445],[115.4856,31.6509],[115.4856,31.6605],[115.4912,31.6628],[115.4966,31.6742],[115.515,31.6829],[115.5203,31.6905],[115.5295,31.6977],[115.5338,31.6985],[115.5482,31.6946],[115.5535,31.6953],[115.5575,31.7027],[115.5649,31.709],[115.5811,31.7125],[115.5859,31.7209],[115.5942,31.7251],[115.6014,31.7317],[115.6192,31.7383],[115.6326,31.7488],[115.6372,31.7556],[115.6611,31.7609],[115.6778,31.7789],[115.6898,31.7766],[115.6921,31.7721],[115.6995,31.7679],[115.7108,31.7709],[115.7194,31.7658],[115.7356,31.7629],[115.7373,31.7659],[115.7322,31.7668],[115.7311,31.7686],[115.734,31.7701],[115.734,31.7758],[115.7401,31.7761],[115.7414,31.7817],[115.7627,31.7823],[115.7685,31.7878],[115.7757,31.7838],[115.7876,31.7803],[115.7958,31.7726],[115.8032,31.7714],[115.8082,31.7732],[115.8085,31.7705],[115.8071,31.7693],[115.8082,31.7669],[115.8156,31.7624],[115.8227,31.7701],[115.8268,31.7718],[115.831,31.7776],[115.8335,31.7777],[115.8365,31.7739],[115.8387,31.774],[115.8424,31.7774],[115.8443,31.7824],[115.8499,31.7867],[115.8517,31.7863],[115.8545,31.7774],[115.8579,31.7738],[115.8682,31.7765],[115.8776,31.7745],[115.8877,31.7777],[115.8917,31.785],[115.8969,31.7878],[115.8983,31.791],[115.9102,31.7923],[115.915,31.8119],[115.9131,31.8201],[115.9041,31.8294],[115.8938,31.8324],[115.8927,31.8388],[115.8947,31.8471],[115.8951,31.865],[115.8991,31.8727],[115.8983,31.8802],[115.9038,31.8835],[115.9106,31.8949],[115.9202,31.9205],[115.9153,31.9309],[115.9161,31.936],[115.909,31.9432],[115.9078,31.9467],[115.9087,31.9554],[115.9114,31.958],[115.9169,31.9728],[115.9229,31.9836],[115.9212,31.9896],[115.922,31.9915],[115.9246,31.9956],[115.9315,31.9946],[115.9344,31.9981],[115.9338,32.0016],[115.929,32.0029],[115.9301,32.005],[115.9275,32.0078],[115.9278,32.0117],[115.9302,32.0114],[115.9295,32.0134],[115.9311,32.0142],[115.9274,32.0156],[115.9267,32.0185],[115.9285,32.0196],[115.9274,32.0205],[115.9282,32.0231],[115.9252,32.0238],[115.9245,32.022],[115.923,32.0239],[115.9238,32.0253],[115.9196,32.0281],[115.9214,32.0334],[115.9259,32.0351],[115.9251,32.0364],[115.9277,32.0363],[115.9269,32.0401],[115.9239,32.0437],[115.9251,32.0489],[115.9222,32.0496],[115.9245,32.0564],[115.9375,32.0633],[115.9433,32.0743],[115.9426,32.0777],[115.9325,32.0843],[115.9265,32.1045],[115.9324,32.1116],[115.9324,32.1184],[115.9403,32.1452],[115.9379,32.1518],[115.9419,32.1652],[115.9337,32.1804],[115.9252,32.1878],[115.9233,32.1917],[115.9229,32.2037],[115.9128,32.2276],[115.9124,32.2383],[115.9147,32.2549],[115.9215,32.2685],[115.9213,32.2707],[115.9115,32.2831],[115.9116,32.2916],[115.9096,32.2979],[115.8994,32.3025],[115.9002,32.3053],[115.9066,32.31],[115.9044,32.3211],[115.9063,32.3271],[115.9049,32.3402],[115.8992,32.345],[115.8982,32.3524],[115.8988,32.3924],[115.8893,32.4135],[115.8881,32.4186],[115.8894,32.4243],[115.8842,32.4303],[115.8792,32.4326],[115.8797,32.4391],[115.8833,32.4386],[115.8817,32.4425],[115.8837,32.4434],[115.8832,32.4552],[115.8771,32.4583],[115.8632,32.4601],[115.8723,32.4698],[115.8813,32.4725],[115.8836,32.4893],[115.881,32.4942],[115.8745,32.4978],[115.8732,32.5047],[115.853,32.5045],[115.8457,32.5018],[115.8445,32.5043],[115.8473,32.5096],[115.8534,32.5157],[115.873,32.5258],[115.8755,32.5315],[115.8759,32.5425],[115.8994,32.5562],[115.9102,32.567],[115.9148,32.5682],[115.9212,32.5654],[115.927,32.5663],[115.937,32.5719],[115.9523,32.591],[115.9673,32.6051],[115.9872,32.6051],[115.997,32.6029],[116.022,32.5916],[116.0311,32.5735],[116.0379,32.5532],[116.0566,32.5463],[116.0764,32.544],[116.0909,32.5392],[116.1014,32.5238],[116.1134,32.4908],[116.1246,32.4711],[116.1419,32.4605],[116.1481,32.4399],[116.1679,32.4398],[116.1714,32.431],[116.1764,32.4254],[116.1912,32.4543],[116.2037,32.4476],[116.2131,32.4637],[116.223,32.4592],[116.2356,32.4659],[116.2445,32.4549],[116.2497,32.456],[116.2513,32.4644],[116.2463,32.484],[116.264,32.4948],[116.2689,32.5073],[116.2717,32.5209],[116.2805,32.5219],[116.32,32.5212],[116.3328,32.5104],[116.3585,32.4647],[116.3922,32.4476],[116.4048,32.4428],[116.4375,32.4509],[116.4723,32.4382],[116.4848,32.4393],[116.4821,32.4201],[116.4785,32.4109],[116.4802,32.4067],[116.4913,32.3986],[116.4922,32.3958],[116.4854,32.388],[116.4811,32.3753],[116.4842,32.3603],[116.4913,32.353],[116.5065,32.3444],[116.5161,32.3206],[116.5212,32.3159],[116.5227,32.298],[116.529,32.2731],[116.5278,32.2647],[116.5231,32.2619],[116.5304,32.2465],[116.5316,32.238],[116.5221,32.2253],[116.5061,32.2199],[116.5011,32.2154],[116.5156,32.2027],[116.5171,32.1944],[116.5093,32.1847],[116.5155,32.1635],[116.5192,32.1573],[116.5266,32.1518],[116.5291,32.1453],[116.5302,32.1343],[116.5247,32.1165],[116.5332,32.0979],[116.5421,32.09],[116.5494,32.0788],[116.5478,32.0734],[116.55,32.0739],[116.544,32.0677],[116.5424,32.0602],[116.5459,32.0566],[116.55,32.046],[116.552,32.0444],[116.5496,32.0326],[116.5468,32.0281],[116.558,32.0238],[116.5604,32.0271],[116.5621,32.0269],[116.5617,32.0255],[116.5631,32.0251],[116.5617,32.023],[116.5642,32.022],[116.5868,32.0188],[116.6053,32.0077],[116.6126,32.0009],[116.665,31.9789],[116.678,31.9763],[116.6819,31.968],[116.6805,31.9573],[116.6805,31.9156],[116.6821,31.9096],[116.6877,31.9034],[116.7024,31.9051],[116.7231,31.9167],[116.738,31.9193],[116.7485,31.919],[116.7665,31.9143],[116.7711,31.9113],[116.7643,31.9042],[116.7534,31.9011],[116.7353,31.8914],[116.7258,31.8896],[116.7161,31.8842],[116.7141,31.8789],[116.7216,31.8713],[116.7207,31.8652],[116.7247,31.8583],[116.7406,31.8579],[116.7326,31.8484],[116.6987,31.83],[116.6925,31.8203],[116.6888,31.821],[116.6875,31.8187],[116.6948,31.8094],[116.7009,31.806],[116.7045,31.801],[116.7105,31.7982],[116.7098,31.7964],[116.7118,31.7969],[116.7141,31.7919],[116.7157,31.7915],[116.714,31.7901],[116.7144,31.7859],[116.7178,31.7804],[116.7218,31.7792],[116.7288,31.7824],[116.7329,31.7803],[116.7347,31.7748],[116.7311,31.7654],[116.7346,31.764],[116.7521,31.7655],[116.758,31.7625],[116.7596,31.7583],[116.7594,31.7469],[116.7523,31.7272],[116.7635,31.7072],[116.7629,31.6882],[116.757,31.6847],[116.761,31.6797],[116.7601,31.6774],[116.762,31.6763],[116.7616,31.6749],[116.7682,31.6687],[116.769,31.6625],[116.7648,31.6597],[116.7625,31.6603],[116.7581,31.6568],[116.7579,31.6507],[116.752,31.649],[116.7556,31.6471],[116.7556,31.6455],[116.7533,31.6444],[116.7604,31.6367],[116.7654,31.6377],[116.7622,31.6283],[116.7669,31.6253],[116.7636,31.6244],[116.7672,31.6212],[116.7671,31.62],[116.7644,31.6208],[116.7669,31.6141],[116.7658,31.5961],[116.767,31.5906],[116.7633,31.5824],[116.7675,31.5713],[116.7732,31.5671],[116.777,31.5603],[116.7842,31.5562],[116.7898,31.5506],[116.7928,31.5439],[116.8045,31.5392],[116.8073,31.5362],[116.8067,31.5326],[116.8108,31.534],[116.8154,31.5323],[116.8162,31.5292],[116.8188,31.5285],[116.8227,31.5221],[116.8298,31.5191],[116.8352,31.5211],[116.8367,31.5248],[116.8406,31.5263],[116.843,31.5263],[116.844,31.5227],[116.8455,31.5226],[116.8472,31.5257],[116.8535,31.5253],[116.862,31.5317],[116.8684,31.5293],[116.8702,31.5327],[116.8782,31.535],[116.8803,31.5371],[116.8847,31.5348],[116.9031,31.537],[116.9022,31.5323],[116.9091,31.532],[116.9123,31.5363],[116.916,31.5333],[116.9262,31.5343],[116.9278,31.5365],[116.9325,31.5361],[116.9345,31.5375],[116.9382,31.5341],[116.9412,31.5336],[116.9422,31.5367],[116.9464,31.5376],[116.9525,31.5321],[116.9669,31.5398],[116.971,31.5397],[116.9734,31.5374],[116.9754,31.5402],[116.9788,31.5371],[116.9763,31.535],[116.9775,31.534],[116.9824,31.5359],[116.9838,31.5323],[116.9871,31.5338],[116.9848,31.5361],[116.9856,31.5391],[116.9907,31.5375],[116.9925,31.5436],[116.9906,31.5456],[116.9909,31.5586],[116.9972,31.5621],[117.0021,31.5608],[117.0028,31.5544],[117.0069,31.548],[117.0162,31.5461],[117.0195,31.5493],[117.0237,31.5464],[117.0288,31.5472],[117.0306,31.5444],[117.0412,31.542],[117.0432,31.5374],[117.052,31.5357],[117.0546,31.5415],[117.0621,31.5487],[117.0702,31.5527],[117.0752,31.5524],[117.1123,31.5401],[117.1243,31.5445],[117.1321,31.5429],[117.1337,31.551],[117.1393,31.5551],[117.15,31.5528],[117.153,31.5502],[117.1538,31.5452],[117.1939,31.5526],[117.1983,31.552],[117.2161,31.541],[117.22,31.5403],[117.2258,31.545],[117.2283,31.5448],[117.2334,31.5346],[117.2342,31.5291],[117.2401,31.5261],[117.2386,31.5206],[117.2423,31.5082],[117.2503,31.504],[117.2524,31.501],[117.2525,31.4993],[117.2465,31.4945],[117.2354,31.4898],[117.2131,31.4882],[117.1982,31.4922],[117.1889,31.492],[117.1492,31.4833],[117.1479,31.4819],[117.1425,31.472],[117.1094,31.435],[117.0841,31.3886],[117.0748,31.3744],[117.0728,31.3648],[117.0741,31.3607],[117.0807,31.354],[117.082,31.3503],[117.0814,31.3459],[117.0753,31.3384],[117.0717,31.3297],[117.07,31.3217],[117.0708,31.3011],[117.0661,31.2913],[117.0582,31.2886],[117.0539,31.2887],[117.0511,31.2913],[117.047,31.2898],[117.0464,31.2703],[117.0322,31.2566],[117.0162,31.2668],[117.0091,31.2684],[117.0038,31.265],[116.9982,31.2565],[116.9814,31.2446],[116.9652,31.2186],[116.954,31.1892],[116.9454,31.1799],[116.9431,31.1607],[116.9392,31.1594],[116.9227,31.1601],[116.9179,31.15],[116.895,31.1334],[116.8837,31.1285],[116.876,31.1274],[116.8623,31.1299],[116.8561,31.1265],[116.8448,31.1277],[116.8445,31.1192],[116.8422,31.1134],[116.8433,31.1044],[116.8294,31.1012],[116.8184,31.0923],[116.8182,31.0893],[116.8151,31.0863],[116.8069,31.0831],[116.8044,31.0781],[116.7992,31.0753],[116.794,31.0683],[116.7887,31.0653],[116.7863,31.0652],[116.7814,31.0691],[116.7729,31.0704],[116.7598,31.0678],[116.7507,31.0604],[116.7428,31.0601],[116.7367,31.0639],[116.732,31.0608],[116.7229,31.0596],[116.7204,31.0579],[116.7119,31.045],[116.7071,31.043],[116.6886,31.0487],[116.6836,31.0558],[116.6796,31.0582],[116.6665,31.0596],[116.6592,31.0541],[116.6513,31.0522],[116.647,31.0589],[116.6342,31.0672],[116.627,31.0697],[116.6225,31.0741],[116.6158,31.0747],[116.6128,31.072],[116.6109,31.0663],[116.5946,31.0541],[116.5917,31.0476],[116.5824,31.0517],[116.5685,31.0506],[116.5579,31.0374],[116.5586,31.0329],[116.5589,31.0323]]]]}},{"type":"Feature","properties":{"adcode":"341600","name":"亳州市","level":"city","center":[115.778588,33.846285],"site":"https://geojson.hxkj.vip"},"geometry":{"type":"MultiPolygon","coordinates":[[[[116.7751,33.153],[116.7705,33.1446],[116.766,33.1467],[116.761,33.1352],[116.7587,33.1356],[116.7572,33.1313],[116.7557,33.1317],[116.7557,33.1294],[116.7646,33.1148],[116.7657,33.0955],[116.7633,33.0891],[116.7491,33.0755],[116.7486,33.0608],[116.7525,33.0531],[116.8022,33.0326],[116.8101,33.028],[116.8149,33.0215],[116.8162,33.0131],[116.8133,32.9982],[116.8104,32.9953],[116.8048,32.9971],[116.8012,33.0005],[116.7985,32.9992],[116.8,32.9953],[116.7989,32.9942],[116.785,32.9974],[116.7775,32.9966],[116.7758,32.9983],[116.7782,33.0033],[116.7742,33.004],[116.7715,33.0006],[116.7688,33.0004],[116.7693,33.0049],[116.7669,33.0065],[116.7621,33.0036],[116.7551,33.0027],[116.754,32.9989],[116.7552,32.9963],[116.7536,32.994],[116.7546,32.9891],[116.7475,32.9789],[116.7412,32.9632],[116.7404,32.9598],[116.7427,32.9473],[116.7357,32.9287],[116.7057,32.937],[116.6746,32.9399],[116.6279,32.9415],[116.4464,32.9849],[116.3824,33.0048],[116.3772,32.9969],[116.3765,32.9923],[116.3783,32.9867],[116.3763,32.9864],[116.3759,32.9817],[116.3777,32.9812],[116.3773,32.978],[116.3784,32.9779],[116.378,32.9679],[116.374,32.9681],[116.3725,32.9628],[116.37,32.9631],[116.3688,32.9591],[116.3717,32.9552],[116.3669,32.9477],[116.3673,32.9459],[116.3652,32.9447],[116.3666,32.9455],[116.3681,32.9441],[116.3678,32.9395],[116.3589,32.9327],[116.36,32.9297],[116.361,32.9306],[116.3617,32.9295],[116.3656,32.9337],[116.3695,32.9351],[116.3752,32.931],[116.3776,32.9315],[116.3775,32.9282],[116.3857,32.9216],[116.3939,32.9108],[116.3926,32.9018],[116.3951,32.8915],[116.3896,32.8968],[116.3709,32.9002],[116.3667,32.8953],[116.3561,32.8877],[116.3529,32.8821],[116.3481,32.8781],[116.3215,32.8704],[116.2896,32.8582],[116.2803,32.859],[116.2675,32.8634],[116.26,32.8691],[116.2485,32.8728],[116.2453,32.885],[116.2426,32.8877],[116.233,32.8899],[116.2127,32.8887],[116.2023,32.8909],[116.1984,32.8934],[116.1917,32.9139],[116.1776,32.924],[116.1686,32.9401],[116.1658,32.9418],[116.1677,32.9506],[116.165,32.9588],[116.1692,32.9634],[116.1688,32.9658],[116.1538,32.9755],[116.1483,32.9743],[116.1437,32.983],[116.1327,32.9829],[116.1326,32.9789],[116.1242,32.9789],[116.1245,32.9828],[116.0992,32.986],[116.0924,32.9836],[116.0757,32.9879],[116.0758,32.9863],[116.0736,32.9856],[116.0738,32.9834],[116.0699,32.983],[116.0549,32.9906],[116.0526,32.9951],[116.0601,33.0037],[116.059,33.017],[116.0517,33.0187],[116.0552,33.0342],[116.049,33.0466],[116.0421,33.0488],[116.0129,33.042],[116.0102,33.0439],[116.0111,33.047],[116.014,33.0505],[116.0187,33.051],[116.0182,33.0561],[116.0025,33.0601],[115.9839,33.0681],[115.9808,33.0708],[115.964,33.0761],[115.965,33.0826],[115.9354,33.0859],[115.9341,33.0931],[115.9225,33.094],[115.9222,33.0865],[115.9091,33.0884],[115.9053,33.0919],[115.8985,33.0937],[115.8892,33.0928],[115.8667,33.0944],[115.8668,33.1024],[115.872,33.1031],[115.8749,33.1139],[115.8771,33.1141],[115.8771,33.1222],[115.8678,33.1226],[115.8659,33.1256],[115.8426,33.126],[115.842,33.1316],[115.8395,33.1329],[115.8392,33.1349],[115.8502,33.1361],[115.8502,33.1536],[115.8311,33.1572],[115.8243,33.1509],[115.8262,33.1644],[115.8292,33.1647],[115.8299,33.1681],[115.833,33.1682],[115.8331,33.174],[115.8414,33.1802],[115.8453,33.1935],[115.8353,33.2138],[115.8329,33.2232],[115.8355,33.2234],[115.8345,33.2302],[115.8297,33.2317],[115.8297,33.2406],[115.8331,33.2402],[115.8313,33.2549],[115.8321,33.2567],[115.8375,33.2593],[115.8394,33.2628],[115.8528,33.2593],[115.8663,33.2507],[115.877,33.2483],[115.8864,33.2427],[115.9165,33.2155],[115.9183,33.2213],[115.9222,33.2229],[115.9261,33.2279],[115.9216,33.2338],[115.9181,33.2422],[115.9096,33.2459],[115.9101,33.2548],[115.9067,33.2567],[115.9077,33.2607],[115.9122,33.2663],[115.91,33.2701],[115.9106,33.2753],[115.916,33.2795],[115.9163,33.2875],[115.9126,33.294],[115.9278,33.2987],[115.9247,33.3053],[115.9261,33.3098],[115.9246,33.3119],[115.9199,33.3136],[115.9206,33.3253],[115.9144,33.3289],[115.9138,33.3338],[115.9111,33.3361],[115.9103,33.3424],[115.8984,33.357],[115.8965,33.3658],[115.8975,33.3782],[115.8951,33.3836],[115.8985,33.3904],[115.8974,33.4005],[115.8923,33.4036],[115.8912,33.4093],[115.8819,33.4136],[115.8798,33.418],[115.8559,33.4413],[115.8492,33.4506],[115.8378,33.4525],[115.8301,33.4517],[115.8129,33.4646],[115.7958,33.4687],[115.7862,33.4811],[115.7732,33.4847],[115.7689,33.4909],[115.7519,33.4956],[115.7495,33.4999],[115.7208,33.5109],[115.7057,33.5081],[115.6983,33.5095],[115.6902,33.5067],[115.6795,33.5061],[115.6595,33.5313],[115.6512,33.5446],[115.6487,33.555],[115.6461,33.5558],[115.6454,33.5591],[115.6467,33.5608],[115.6385,33.5898],[115.6253,33.625],[115.6085,33.6453],[115.6011,33.6588],[115.6028,33.6723],[115.5982,33.6797],[115.599,33.687],[115.5996,33.6883],[115.6072,33.6891],[115.5963,33.7003],[115.5966,33.7079],[115.6009,33.7147],[115.6011,33.7204],[115.5953,33.7329],[115.5891,33.7388],[115.5835,33.7472],[115.5729,33.7546],[115.5696,33.7609],[115.57,33.7653],[115.563,33.7722],[115.5656,33.7806],[115.5732,33.7817],[115.5766,33.7877],[115.5814,33.789],[115.5905,33.7837],[115.6142,33.7756],[115.6171,33.7811],[115.6212,33.7968],[115.6202,33.8062],[115.6233,33.812],[115.6165,33.817],[115.6161,33.819],[115.6173,33.8206],[115.6253,33.8228],[115.6267,33.8369],[115.6373,33.8427],[115.6367,33.8493],[115.6331,33.8544],[115.6315,33.8644],[115.6335,33.8673],[115.6295,33.8714],[115.6254,33.8717],[115.6209,33.8761],[115.6173,33.872],[115.6109,33.8714],[115.6041,33.867],[115.5916,33.8683],[115.5795,33.877],[115.5715,33.8766],[115.5625,33.8713],[115.5592,33.872],[115.5567,33.8769],[115.5475,33.875],[115.5459,33.8784],[115.5472,33.8899],[115.5553,33.8886],[115.5593,33.8936],[115.5591,33.8961],[115.5546,33.8985],[115.5553,33.9018],[115.5589,33.9047],[115.5666,33.9052],[115.5683,33.9069],[115.5686,33.91],[115.5598,33.9145],[115.5618,33.9155],[115.5609,33.9199],[115.5626,33.9272],[115.5649,33.9302],[115.57,33.9328],[115.5692,33.9455],[115.5715,33.9483],[115.5782,33.951],[115.5763,33.9588],[115.5783,33.9734],[115.5879,33.9763],[115.589,33.9833],[115.5917,33.9855],[115.5841,33.9886],[115.5834,33.9939],[115.5875,33.9954],[115.592,34.0095],[115.6063,34.0116],[115.6041,34.0196],[115.6011,34.023],[115.6019,34.0254],[115.6075,34.0303],[115.6151,34.0334],[115.6185,34.033],[115.6214,34.0301],[115.6277,34.0324],[115.6422,34.0323],[115.6496,34.0356],[115.648,34.0463],[115.6541,34.053],[115.6536,34.0601],[115.6584,34.0613],[115.6672,34.0564],[115.6725,34.0584],[115.6819,34.0655],[115.6937,34.0651],[115.6982,34.0664],[115.7042,34.0642],[115.706,34.0598],[115.7143,34.0636],[115.717,34.0675],[115.7359,34.0768],[115.7534,34.0677],[115.7688,34.0622],[115.7814,34.0622],[115.7802,34.0731],[115.7934,34.0637],[115.8091,34.0625],[115.8133,34.0583],[115.8156,34.0529],[115.8233,34.0454],[115.8452,34.0309],[115.8461,34.0288],[115.8504,34.0289],[115.8498,34.0247],[115.8546,34.0214],[115.8503,34.0046],[115.8527,34.0038],[115.8771,34.0032],[115.8769,34.0233],[115.8821,34.0285],[115.8989,34.0259],[115.9003,34.0204],[115.8984,34.0194],[115.8939,34.0205],[115.8925,34.0144],[115.9035,34.0115],[115.9024,34.0066],[115.9045,34.0024],[115.9073,34.0009],[115.9136,34.0002],[115.9142,34.0023],[115.9176,34.0037],[115.9181,34.0079],[115.9488,34.0063],[115.9576,34.0077],[115.9601,34.0066],[115.9676,34.0021],[115.9824,33.9894],[115.9997,33.9676],[116.0003,33.9632],[115.9963,33.9501],[115.9944,33.952],[115.9912,33.9513],[115.9914,33.9492],[115.9939,33.949],[115.9925,33.9346],[115.9884,33.9349],[115.9872,33.9305],[115.9773,33.9294],[115.9772,33.9272],[115.9846,33.9253],[115.9842,33.9231],[115.9815,33.9234],[115.98,33.9138],[115.9882,33.9126],[115.986,33.9075],[115.9856,33.9012],[115.9992,33.9019],[116.0103,33.8997],[116.0129,33.8959],[116.0135,33.8857],[116.0241,33.8847],[116.0306,33.8823],[116.0345,33.88],[116.0347,33.8737],[116.0427,33.8754],[116.0487,33.8688],[116.0493,33.8658],[116.0541,33.8644],[116.0549,33.8609],[116.0592,33.861],[116.0564,33.8514],[116.0651,33.8475],[116.0655,33.846],[116.0626,33.8322],[116.0635,33.8262],[116.0614,33.8251],[116.0518,33.8267],[116.0521,33.8302],[116.0479,33.8308],[116.0459,33.829],[116.0454,33.8239],[116.0581,33.8214],[116.059,33.817],[116.0615,33.8161],[116.0612,33.8119],[116.0589,33.8092],[116.056,33.809],[116.0554,33.8048],[116.0663,33.8005],[116.0662,33.7967],[116.0743,33.7933],[116.0716,33.785],[116.0744,33.7815],[116.0779,33.7805],[116.085,33.7829],[116.1001,33.783],[116.1021,33.7789],[116.0989,33.7749],[116.1039,33.7636],[116.1093,33.7582],[116.1338,33.7507],[116.1388,33.7415],[116.1428,33.7385],[116.1397,33.7298],[116.1467,33.7234],[116.1554,33.7099],[116.1605,33.7085],[116.1624,33.7109],[116.1676,33.7101],[116.1673,33.7084],[116.174,33.709],[116.1854,33.7165],[116.1866,33.7193],[116.2006,33.7261],[116.2049,33.7268],[116.2267,33.7225],[116.2302,33.7349],[116.2417,33.733],[116.2416,33.7305],[116.246,33.7287],[116.2636,33.7301],[116.2701,33.7352],[116.2726,33.7483],[116.2775,33.7476],[116.2785,33.7529],[116.2819,33.7526],[116.2824,33.7539],[116.2926,33.7525],[116.3039,33.7552],[116.3081,33.7576],[116.314,33.7657],[116.3158,33.7708],[116.3224,33.7674],[116.3287,33.7664],[116.3307,33.7739],[116.339,33.7773],[116.3487,33.7787],[116.3621,33.7764],[116.365,33.7787],[116.37,33.7776],[116.3725,33.7803],[116.3792,33.7788],[116.3843,33.7825],[116.3937,33.7831],[116.395,33.7788],[116.4033,33.7774],[116.4072,33.7725],[116.4082,33.7704],[116.4068,33.7624],[116.4229,33.7612],[116.4358,33.7622],[116.436,33.7523],[116.4332,33.7397],[116.4415,33.739],[116.46,33.7341],[116.4628,33.73],[116.4636,33.7197],[116.4721,33.7154],[116.4755,33.7092],[116.4794,33.7087],[116.4786,33.698],[116.4842,33.6979],[116.4851,33.6907],[116.4893,33.6896],[116.4893,33.6853],[116.4924,33.6813],[116.4921,33.6684],[116.4859,33.6661],[116.4811,33.6543],[116.4817,33.6519],[116.4899,33.6462],[116.5038,33.6313],[116.5055,33.619],[116.5338,33.6146],[116.5425,33.6028],[116.5438,33.5979],[116.5511,33.5966],[116.5515,33.5886],[116.5432,33.5889],[116.5407,33.5876],[116.5413,33.5795],[116.543,33.5792],[116.5436,33.5756],[116.5478,33.574],[116.548,33.5701],[116.532,33.5656],[116.529,33.5627],[116.5255,33.5515],[116.5284,33.5417],[116.5266,33.5399],[116.5273,33.5341],[116.5246,33.5332],[116.5247,33.5305],[116.5347,33.5251],[116.5345,33.5204],[116.5391,33.5132],[116.5382,33.5056],[116.534,33.498],[116.5331,33.4902],[116.535,33.4832],[116.5352,33.4711],[116.5368,33.4695],[116.5448,33.4693],[116.553,33.4661],[116.5721,33.467],[116.5822,33.4712],[116.5862,33.4756],[116.5889,33.4759],[116.5936,33.4801],[116.6128,33.4819],[116.6235,33.4855],[116.6364,33.485],[116.6424,33.4776],[116.6657,33.4746],[116.6872,33.478],[116.7,33.474],[116.7091,33.4667],[116.7176,33.4532],[116.7204,33.4511],[116.7349,33.4513],[116.7459,33.4491],[116.762,33.435],[116.7957,33.4247],[116.8126,33.4229],[116.8044,33.4203],[116.7989,33.4157],[116.8004,33.4137],[116.7989,33.4035],[116.7966,33.403],[116.7963,33.4004],[116.7976,33.3998],[116.8008,33.3839],[116.7909,33.36],[116.791,33.3578],[116.7941,33.3568],[116.7941,33.3548],[116.791,33.3485],[116.7874,33.3473],[116.7868,33.342],[116.7904,33.3345],[116.7891,33.3198],[116.7962,33.3072],[116.8019,33.3039],[116.8005,33.2759],[116.8055,33.2756],[116.8132,33.2503],[116.826,33.2308],[116.8282,33.2223],[116.8266,33.2108],[116.8214,33.2028],[116.8176,33.1702],[116.8191,33.1696],[116.8153,33.1554],[116.8053,33.1561],[116.7918,33.169],[116.7774,33.1523],[116.7753,33.1534],[116.7751,33.153]]]]}},{"type":"Feature","properties":{"adcode":"341700","name":"池州市","level":"city","center":[117.495663,30.674264],"site":"https://geojson.hxkj.vip"},"geometry":{"type":"MultiPolygon","coordinates":[[[[117.2972,30.4872],[117.2901,30.4763],[117.2829,30.4713],[117.276,30.4689],[117.2745,30.4652],[117.2567,30.4585],[117.2556,30.454],[117.2134,30.4769],[117.2263,30.489],[117.2364,30.5048],[117.2413,30.5231],[117.2972,30.4872]]],[[[116.6805,29.6815],[116.673,29.6875],[116.6567,29.6863],[116.6545,29.6879],[116.6541,29.6948],[116.6578,29.6978],[116.668,29.7003],[116.6714,29.7036],[116.6871,29.7348],[116.7031,29.7413],[116.7206,29.7633],[116.7336,29.7695],[116.7393,29.7742],[116.7459,29.7903],[116.7521,29.7978],[116.7583,29.802],[116.7625,29.8025],[116.7713,29.7997],[116.7774,29.7933],[116.7809,29.7925],[116.7898,29.7951],[116.8124,29.8117],[116.8307,29.8415],[116.8528,29.8588],[116.8827,29.8935],[116.892,29.9193],[116.8918,29.9274],[116.8984,29.9407],[116.9001,29.9495],[116.8941,29.9627],[116.8879,29.9688],[116.8687,29.9805],[116.8642,29.98],[116.8449,29.9694],[116.8356,29.9706],[116.8344,29.9634],[116.8362,29.9592],[116.8349,29.9574],[116.8327,29.9582],[116.8287,29.9631],[116.8274,29.9709],[116.8285,29.9756],[116.8265,29.9768],[116.8293,29.9847],[116.8279,29.9975],[116.8301,30.0018],[116.8295,30.0065],[116.8247,30.0062],[116.8006,29.9966],[116.7974,30.0049],[116.7873,30.0203],[116.7835,30.0307],[116.7761,30.0307],[116.7703,30.0357],[116.7681,30.0442],[116.7645,30.0489],[116.7536,30.049],[116.7474,30.0572],[116.7718,30.0737],[116.8169,30.1151],[116.8419,30.1468],[116.8601,30.1773],[116.8675,30.2136],[116.8824,30.2311],[116.8927,30.2405],[116.9205,30.258],[116.9242,30.2658],[116.9272,30.2734],[116.9286,30.284],[116.9272,30.2976],[116.9205,30.3143],[116.9103,30.3329],[116.9021,30.3617],[116.8938,30.3816],[116.8895,30.3967],[116.8883,30.407],[116.892,30.4147],[116.8909,30.4263],[116.8924,30.4311],[116.8964,30.4343],[116.9011,30.4365],[116.9063,30.4346],[116.9144,30.4255],[116.9356,30.4403],[116.9504,30.4428],[116.9656,30.4505],[116.9755,30.4581],[116.9864,30.4708],[117.0105,30.4893],[117.0254,30.4943],[117.119,30.495],[117.1351,30.4921],[117.164,30.4748],[117.1922,30.4659],[117.204,30.4697],[117.2134,30.4769],[117.2556,30.454],[117.2559,30.4503],[117.258,30.448],[117.2655,30.4463],[117.2674,30.4442],[117.2672,30.4418],[117.2622,30.4374],[117.2609,30.4318],[117.2525,30.4288],[117.2495,30.4213],[117.2685,30.4202],[117.2777,30.4149],[117.2811,30.4145],[117.2993,30.4254],[117.2993,30.4273],[117.2936,30.4328],[117.2934,30.441],[117.2962,30.4439],[117.3054,30.4458],[117.3148,30.4618],[117.3219,30.4622],[117.3266,30.4706],[117.3245,30.4876],[117.3198,30.4928],[117.3114,30.4945],[117.3045,30.4935],[117.2972,30.4872],[117.2413,30.5231],[117.2438,30.5382],[117.2513,30.5586],[117.2526,30.5713],[117.2515,30.5794],[117.2454,30.5927],[117.2214,30.6153],[117.2178,30.6206],[117.2171,30.6306],[117.2618,30.6511],[117.3095,30.6768],[117.3434,30.689],[117.3668,30.6942],[117.3944,30.695],[117.4013,30.6896],[117.4224,30.6829],[117.4511,30.6791],[117.4708,30.6791],[117.4831,30.6849],[117.4901,30.6918],[117.4997,30.7094],[117.5035,30.7228],[117.5061,30.7239],[117.5073,30.7267],[117.577,30.7566],[117.6455,30.7766],[117.6706,30.7815],[117.7018,30.8066],[117.7011,30.7975],[117.6985,30.7899],[117.7228,30.7917],[117.7417,30.8074],[117.7446,30.8031],[117.7515,30.8029],[117.7562,30.7887],[117.754,30.7851],[117.7478,30.7811],[117.75,30.7774],[117.7588,30.7737],[117.7599,30.7698],[117.7563,30.763],[117.7593,30.7616],[117.7838,30.764],[117.7858,30.7609],[117.7822,30.7509],[117.7962,30.7484],[117.7978,30.7497],[117.7985,30.7546],[117.8021,30.7537],[117.8032,30.7576],[117.8062,30.7573],[117.8137,30.7608],[117.8158,30.7599],[117.8395,30.7711],[117.8423,30.7736],[117.8424,30.7814],[117.8463,30.7884],[117.8728,30.8079],[117.884,30.8123],[117.8981,30.813],[117.9086,30.816],[117.9183,30.8211],[117.9292,30.8324],[117.9346,30.8358],[117.9433,30.8331],[117.9536,30.8176],[117.9557,30.8173],[117.9804,30.8438],[117.9887,30.8353],[117.9896,30.8288],[117.9709,30.8064],[117.9664,30.7971],[117.9688,30.795],[117.9837,30.7941],[117.9887,30.7903],[117.9928,30.7822],[117.9975,30.7789],[118.018,30.7761],[118.0311,30.777],[118.0324,30.7732],[118.0423,30.7677],[118.0559,30.7558],[118.0761,30.7447],[118.1007,30.7362],[118.1097,30.7278],[118.1158,30.7194],[118.1224,30.7203],[118.125,30.7178],[118.1271,30.7143],[118.1259,30.7132],[118.1285,30.7013],[118.135,30.7003],[118.1341,30.6981],[118.1261,30.6908],[118.1013,30.6555],[118.0992,30.647],[118.1009,30.6412],[118.0941,30.6344],[118.0779,30.6237],[118.0692,30.6025],[118.0659,30.6],[118.0515,30.5996],[118.0461,30.5971],[118.0314,30.5818],[118.023,30.5755],[117.9971,30.5708],[117.9884,30.5661],[117.9851,30.5613],[117.988,30.5469],[117.9872,30.5377],[117.9847,30.5313],[117.9701,30.5123],[117.9636,30.5084],[117.9565,30.4994],[117.9515,30.4891],[117.9468,30.4725],[117.9459,30.455],[117.9388,30.4219],[117.9412,30.4136],[117.949,30.4052],[117.9529,30.4036],[117.9532,30.3926],[117.9383,30.3781],[117.9286,30.3748],[117.9166,30.3665],[117.9239,30.359],[117.9281,30.3573],[117.9346,30.3443],[117.9393,30.3397],[117.9406,30.335],[117.9353,30.3359],[117.9304,30.3317],[117.9258,30.3315],[117.9269,30.3285],[117.9322,30.3261],[117.9321,30.3248],[117.9289,30.3241],[117.929,30.3201],[117.9203,30.32],[117.9132,30.3108],[117.9069,30.3093],[117.9084,30.3037],[117.9129,30.2993],[117.9117,30.2981],[117.9022,30.2942],[117.8917,30.2957],[117.8864,30.2933],[117.8882,30.2799],[117.8922,30.2721],[117.8915,30.2707],[117.8472,30.2625],[117.843,30.2604],[117.8249,30.2416],[117.8249,30.2313],[117.8293,30.2252],[117.8584,30.2173],[117.8606,30.2146],[117.8613,30.2091],[117.8529,30.1918],[117.847,30.1923],[117.8314,30.1822],[117.8204,30.1826],[117.8021,30.1666],[117.7848,30.1582],[117.7432,30.1541],[117.7139,30.1464],[117.7108,30.1442],[117.6985,30.1434],[117.6967,30.1389],[117.6827,30.1332],[117.6866,30.127],[117.6834,30.1232],[117.6733,30.1221],[117.6733,30.1203],[117.6774,30.1174],[117.6728,30.1136],[117.6779,30.1094],[117.6765,30.1069],[117.6716,30.1106],[117.6706,30.1086],[117.6608,30.1094],[117.6559,30.1155],[117.651,30.1161],[117.6461,30.1145],[117.6429,30.1056],[117.6397,30.1038],[117.6408,30.1017],[117.639,30.0998],[117.637,30.102],[117.6352,30.0997],[117.6312,30.0993],[117.6309,30.1028],[117.6255,30.104],[117.6199,30.1101],[117.6151,30.1121],[117.611,30.1311],[117.606,30.1295],[117.5997,30.1298],[117.599,30.1282],[117.6009,30.1282],[117.5996,30.1266],[117.5948,30.1274],[117.5876,30.1228],[117.5834,30.1171],[117.5728,30.1157],[117.5681,30.1114],[117.5685,30.1071],[117.5608,30.1053],[117.5603,30.1038],[117.5712,30.1014],[117.569,30.0969],[117.569,30.0888],[117.5599,30.0834],[117.5577,30.0857],[117.5593,30.0887],[117.5545,30.0893],[117.5566,30.0927],[117.5511,30.0914],[117.5556,30.0987],[117.5547,30.1012],[117.5494,30.1027],[117.5456,30.1016],[117.544,30.1069],[117.541,30.1106],[117.5386,30.1105],[117.5392,30.106],[117.53,30.101],[117.5282,30.0936],[117.5303,30.0892],[117.5337,30.0872],[117.536,30.0881],[117.5353,30.0838],[117.5441,30.0868],[117.5442,30.0845],[117.536,30.0768],[117.5421,30.0529],[117.5115,30.0371],[117.4928,30.0349],[117.4768,30.0375],[117.4618,30.0379],[117.4465,30.023],[117.4333,30.0207],[117.4115,30.0304],[117.401,30.0317],[117.3941,30.0297],[117.3909,30.027],[117.3904,30.0207],[117.3853,30.0188],[117.3881,30.0151],[117.3884,30.0116],[117.387,30.0087],[117.383,30.0066],[117.3695,30.011],[117.3498,30.0082],[117.3301,29.9988],[117.3092,29.999],[117.2977,29.9928],[117.2674,29.9832],[117.2602,29.9853],[117.248,29.9818],[117.2138,29.9771],[117.2062,29.9743],[117.2042,29.9706],[117.203,29.9603],[117.2062,29.9275],[117.1889,29.9218],[117.1776,29.922],[117.1718,29.9205],[117.1664,29.9166],[117.1488,29.9113],[117.1347,29.9038],[117.1297,29.8992],[117.128,29.8955],[117.1289,29.8861],[117.1331,29.8743],[117.1303,29.8641],[117.1277,29.8616],[117.1104,29.8554],[117.1001,29.8436],[117.0902,29.8352],[117.078,29.8341],[117.0733,29.8322],[117.0726,29.8283],[117.0756,29.8226],[117.0897,29.8143],[117.0927,29.8096],[117.1229,29.7989],[117.128,29.7958],[117.1356,29.781],[117.1355,29.772],[117.1287,29.7662],[117.1209,29.7627],[117.1087,29.752],[117.1083,29.7451],[117.1165,29.7383],[117.1225,29.7285],[117.12,29.7205],[117.113,29.7121],[117.0995,29.7033],[117.0858,29.6969],[117.0664,29.6918],[117.0513,29.6829],[117.0421,29.6809],[117.0047,29.6863],[116.996,29.6834],[116.9846,29.6747],[116.979,29.6629],[116.9746,29.6576],[116.9586,29.6516],[116.9396,29.6483],[116.9287,29.6424],[116.9185,29.6345],[116.8774,29.613],[116.8671,29.5989],[116.8565,29.5882],[116.849,29.5764],[116.8381,29.5698],[116.8184,29.5648],[116.8071,29.5656],[116.8002,29.5623],[116.7969,29.5661],[116.789,29.5698],[116.7835,29.5684],[116.7805,29.5709],[116.7795,29.5777],[116.787,29.5913],[116.7758,29.5953],[116.7702,29.5922],[116.7605,29.5991],[116.7499,29.5897],[116.7438,29.5887],[116.7402,29.5859],[116.73,29.5686],[116.7269,29.566],[116.7216,29.565],[116.7198,29.5703],[116.7212,29.5759],[116.7184,29.5779],[116.7201,29.5819],[116.7177,29.5867],[116.7154,29.5879],[116.7166,29.5907],[116.7011,29.5971],[116.689,29.6041],[116.6857,29.6116],[116.6803,29.6173],[116.6519,29.6372],[116.651,29.6413],[116.6545,29.6494],[116.6636,29.6592],[116.6771,29.669],[116.6814,29.676],[116.6808,29.6801],[116.6805,29.6815]]]]}},{"type":"Feature","properties":{"adcode":"341800","name":"宣城市","level":"city","center":[118.759127,30.939278],"site":"https://geojson.hxkj.vip"},"geometry":{"type":"MultiPolygon","coordinates":[[[[118.7309,31.1477],[118.7336,31.1495],[118.7322,31.1525],[118.7279,31.1561],[118.7269,31.1603],[118.7184,31.174],[118.709,31.177],[118.6992,31.1845],[118.6895,31.198],[118.6879,31.2045],[118.6827,31.2119],[118.683,31.2141],[118.6665,31.2267],[118.6645,31.2296],[118.6631,31.2374],[118.6473,31.2455],[118.6504,31.2526],[118.651,31.2594],[118.6605,31.2711],[118.6614,31.2908],[118.6591,31.3017],[118.6569,31.3047],[118.6727,31.3059],[118.6817,31.3043],[118.6932,31.3091],[118.7034,31.3074],[118.7132,31.3205],[118.7199,31.3226],[118.7183,31.2948],[118.7028,31.3026],[118.7013,31.2998],[118.7079,31.2968],[118.729,31.2813],[118.7553,31.2796],[118.7614,31.2777],[118.78,31.2595],[118.7808,31.2539],[118.779,31.2464],[118.7814,31.2398],[118.7953,31.2294],[118.803,31.2281],[118.8067,31.2297],[118.8093,31.2341],[118.8191,31.236],[118.8247,31.2301],[118.8313,31.2294],[118.8394,31.2359],[118.8429,31.2359],[118.8504,31.2395],[118.8704,31.2422],[118.8735,31.24],[118.8973,31.2382],[118.9039,31.2392],[118.9157,31.2443],[118.9206,31.2441],[118.925,31.2397],[118.9377,31.2399],[118.9464,31.2356],[118.9575,31.238],[118.9771,31.2365],[118.9815,31.2385],[118.9842,31.2375],[118.9865,31.2312],[118.9914,31.2303],[119.0037,31.2339],[119.0132,31.2417],[119.0202,31.2428],[119.0346,31.2366],[119.0395,31.2384],[119.0427,31.2356],[119.0557,31.2302],[119.0555,31.2331],[119.0584,31.2343],[119.0582,31.2366],[119.0623,31.2385],[119.0722,31.2373],[119.0771,31.2326],[119.083,31.2319],[119.085,31.2328],[119.0861,31.2385],[119.0965,31.2412],[119.1053,31.2353],[119.1064,31.254],[119.1123,31.2533],[119.12,31.2617],[119.1322,31.2627],[119.1388,31.2665],[119.1501,31.2772],[119.1522,31.2854],[119.1581,31.2948],[119.167,31.2921],[119.174,31.2932],[119.1762,31.2939],[119.1771,31.2971],[119.1811,31.3005],[119.1995,31.2936],[119.1971,31.2739],[119.2026,31.2663],[119.2043,31.2657],[119.2081,31.2705],[119.2153,31.2741],[119.2139,31.2684],[119.2181,31.2648],[119.2204,31.264],[119.2206,31.2676],[119.2253,31.2688],[119.2256,31.2658],[119.2242,31.2659],[119.2258,31.2654],[119.2243,31.263],[119.2356,31.2597],[119.2393,31.2545],[119.2456,31.2547],[119.25,31.257],[119.2498,31.262],[119.2606,31.2615],[119.264,31.2526],[119.267,31.2504],[119.2797,31.2581],[119.2833,31.2594],[119.2882,31.2583],[119.2948,31.2632],[119.3158,31.2658],[119.3332,31.2641],[119.3375,31.2589],[119.344,31.2655],[119.346,31.2693],[119.3451,31.2753],[119.3503,31.2812],[119.3501,31.301],[119.3566,31.3033],[119.3594,31.2969],[119.3679,31.2892],[119.3681,31.2844],[119.3726,31.2775],[119.3709,31.27],[119.3798,31.269],[119.3807,31.2624],[119.3747,31.2583],[119.3738,31.2488],[119.3708,31.2428],[119.3633,31.2384],[119.3626,31.2351],[119.3652,31.2326],[119.3625,31.2261],[119.3628,31.2182],[119.3601,31.2121],[119.3622,31.2033],[119.3661,31.1958],[119.3692,31.1983],[119.3712,31.198],[119.3719,31.1928],[119.3747,31.1895],[119.3792,31.1892],[119.3887,31.1947],[119.3893,31.1918],[119.3949,31.1996],[119.4055,31.1946],[119.4057,31.1928],[119.3953,31.1934],[119.3893,31.1883],[119.3888,31.1817],[119.3912,31.1745],[119.3948,31.173],[119.3973,31.1738],[119.4014,31.1787],[119.4079,31.178],[119.4157,31.173],[119.4212,31.177],[119.4208,31.1797],[119.423,31.1817],[119.4285,31.1818],[119.4312,31.1805],[119.4305,31.1773],[119.4388,31.1771],[119.4488,31.17],[119.4548,31.1649],[119.4548,31.1616],[119.4574,31.1577],[119.4608,31.1564],[119.4758,31.1589],[119.4825,31.1525],[119.4853,31.1542],[119.4856,31.1616],[119.4891,31.1647],[119.4945,31.164],[119.5076,31.1573],[119.5139,31.156],[119.5235,31.1598],[119.5326,31.1591],[119.5458,31.1479],[119.5603,31.1407],[119.5713,31.129],[119.5741,31.114],[119.5765,31.1103],[119.582,31.1086],[119.5921,31.1101],[119.5998,31.1092],[119.6014,31.1108],[119.6014,31.1146],[119.6137,31.1292],[119.6238,31.1303],[119.6218,31.123],[119.6242,31.116],[119.6356,31.1099],[119.6491,31.1051],[119.649,31.1026],[119.6347,31.0938],[119.6296,31.0855],[119.63,31.0791],[119.635,31.0642],[119.6313,31.0463],[119.6312,31.0353],[119.634,31.0195],[119.6318,31.0142],[119.624,31.0053],[119.6163,31.0024],[119.6074,30.9919],[119.5986,30.9874],[119.5836,30.9733],[119.5796,30.9627],[119.5822,30.9474],[119.5791,30.9381],[119.5815,30.9305],[119.5667,30.9207],[119.5687,30.9172],[119.5656,30.9142],[119.5622,30.914],[119.5616,30.9075],[119.5565,30.8985],[119.5591,30.8917],[119.5576,30.8741],[119.5733,30.8542],[119.5731,30.844],[119.5767,30.8357],[119.5766,30.8315],[119.5727,30.8288],[119.5612,30.8295],[119.5545,30.8256],[119.5476,30.8168],[119.5419,30.8035],[119.5245,30.776],[119.5071,30.7696],[119.4972,30.7717],[119.4915,30.7772],[119.4836,30.7759],[119.4801,30.7733],[119.4809,30.7624],[119.4788,30.7531],[119.4839,30.7475],[119.4846,30.7446],[119.4792,30.7344],[119.4815,30.7296],[119.4827,30.7045],[119.466,30.6839],[119.4583,30.678],[119.4491,30.6737],[119.4452,30.6539],[119.4433,30.6506],[119.4336,30.6445],[119.4241,30.6429],[119.4149,30.6425],[119.4086,30.6454],[119.4,30.6589],[119.3948,30.6859],[119.39,30.6894],[119.3815,30.68],[119.3714,30.68],[119.356,30.6675],[119.3488,30.6671],[119.3431,30.6642],[119.3336,30.6522],[119.325,30.6328],[119.312,30.6212],[119.2995,30.6198],[119.2912,30.616],[119.2757,30.6176],[119.2588,30.6144],[119.255,30.6151],[119.2494,30.6205],[119.2458,30.6189],[119.2391,30.6093],[119.2401,30.6049],[119.2446,30.6007],[119.2545,30.5957],[119.2537,30.5893],[119.2599,30.587],[119.2648,30.582],[119.2655,30.5746],[119.2598,30.5721],[119.255,30.5669],[119.2447,30.5602],[119.2443,30.5539],[119.2369,30.5467],[119.2401,30.5329],[119.2426,30.53],[119.2532,30.5299],[119.261,30.5263],[119.2617,30.5177],[119.2745,30.51],[119.2879,30.5126],[119.3136,30.5312],[119.3272,30.5326],[119.3285,30.5295],[119.3277,30.5244],[119.3363,30.5071],[119.3303,30.4882],[119.3345,30.4781],[119.3346,30.4634],[119.337,30.4545],[119.3354,30.4463],[119.3484,30.4406],[119.3497,30.4388],[119.3491,30.4321],[119.353,30.4249],[119.3527,30.4201],[119.3575,30.4175],[119.362,30.4179],[119.358,30.4104],[119.3632,30.4095],[119.3672,30.4049],[119.3689,30.3997],[119.3666,30.3884],[119.368,30.385],[119.3715,30.3839],[119.3827,30.3849],[119.3938,30.383],[119.4031,30.3744],[119.4,30.3678],[119.3862,30.3639],[119.3811,30.3581],[119.3756,30.3548],[119.3522,30.349],[119.3494,30.3492],[119.3449,30.3541],[119.3427,30.3632],[119.3266,30.3718],[119.3007,30.3637],[119.2975,30.3576],[119.2895,30.3496],[119.2771,30.3412],[119.2715,30.3425],[119.2612,30.3372],[119.248,30.3413],[119.2402,30.3279],[119.2407,30.3258],[119.2441,30.3244],[119.2459,30.3216],[119.2382,30.3014],[119.2337,30.2934],[119.2292,30.2897],[119.2255,30.2888],[119.2237,30.2913],[119.2236,30.2979],[119.2193,30.3011],[119.2129,30.2992],[119.2057,30.3016],[119.2018,30.2914],[119.1882,30.2916],[119.1796,30.2954],[119.1705,30.2953],[119.1652,30.2994],[119.1584,30.2984],[119.1513,30.3046],[119.1268,30.305],[119.1195,30.3101],[119.111,30.3113],[119.0902,30.324],[119.0827,30.3216],[119.0734,30.3159],[119.063,30.305],[119.0568,30.3039],[119.0508,30.3067],[119.0477,30.3131],[119.0372,30.3121],[119.0247,30.3137],[119.0201,30.3171],[119.0185,30.3204],[119.0125,30.3222],[119.0071,30.3277],[118.9884,30.3328],[118.9885,30.3465],[118.9872,30.3493],[118.9743,30.3472],[118.9671,30.3514],[118.9594,30.3473],[118.9566,30.3521],[118.9554,30.3592],[118.9542,30.3603],[118.9498,30.3588],[118.9364,30.3508],[118.9374,30.3487],[118.9353,30.3434],[118.9283,30.34],[118.9226,30.3348],[118.9179,30.3324],[118.9099,30.3318],[118.8941,30.3191],[118.8799,30.3149],[118.8792,30.3122],[118.8818,30.2985],[118.8775,30.2908],[118.8777,30.2848],[118.8897,30.2543],[118.8823,30.2523],[118.8818,30.2487],[118.8931,30.2427],[118.9032,30.2179],[118.9114,30.2153],[118.925,30.2139],[118.9299,30.2034],[118.9292,30.2019],[118.9191,30.1979],[118.9122,30.1885],[118.9048,30.1866],[118.9028,30.1832],[118.8916,30.1804],[118.8644,30.169],[118.8529,30.1666],[118.8468,30.1611],[118.8457,30.1561],[118.847,30.1539],[118.8545,30.1486],[118.8621,30.1489],[118.8597,30.1432],[118.8642,30.1406],[118.865,30.1379],[118.8772,30.1395],[118.883,30.133],[118.8853,30.1364],[118.887,30.1478],[118.89,30.1496],[118.8965,30.1415],[118.8934,30.1331],[118.8852,30.1258],[118.8821,30.1248],[118.8676,30.1317],[118.8628,30.1272],[118.8608,30.1154],[118.872,30.1153],[118.8691,30.1074],[118.8689,30.1015],[118.8644,30.1055],[118.8501,30.1105],[118.8355,30.1083],[118.8211,30.1027],[118.8065,30.0919],[118.7969,30.0818],[118.7899,30.0783],[118.7706,30.0765],[118.768,30.0739],[118.7698,30.0703],[118.768,30.0696],[118.7654,30.0698],[118.7587,30.0763],[118.7514,30.08],[118.7506,30.0852],[118.7431,30.0908],[118.7411,30.077],[118.7391,30.0733],[118.7403,30.0708],[118.736,30.0677],[118.7356,30.0625],[118.7337,30.0644],[118.7298,30.0642],[118.7256,30.0667],[118.7188,30.0666],[118.7144,30.0631],[118.7005,30.059],[118.6958,30.0523],[118.6948,30.0367],[118.6887,30.029],[118.669,30.0237],[118.651,30.0245],[118.628,30.0165],[118.6208,30.0116],[118.6147,30.0024],[118.615,29.9997],[118.6186,29.9974],[118.615,29.9887],[118.614,29.9805],[118.6058,29.9717],[118.5974,29.9686],[118.5835,29.9683],[118.5785,29.9662],[118.5749,29.9638],[118.5646,29.9476],[118.5587,29.9444],[118.5509,29.9446],[118.5387,29.9531],[118.5274,29.965],[118.5244,29.9633],[118.5196,29.9646],[118.5209,29.9684],[118.5114,29.977],[118.5125,29.98],[118.5105,29.9825],[118.5111,29.984],[118.5075,29.9877],[118.4999,30.0024],[118.4981,30.0181],[118.5005,30.0218],[118.5084,30.0242],[118.5135,30.0307],[118.5147,30.0355],[118.5102,30.0441],[118.5096,30.0484],[118.4984,30.068],[118.4945,30.0721],[118.4777,30.0765],[118.4689,30.0824],[118.45,30.1026],[118.4415,30.1028],[118.4178,30.0973],[118.4045,30.0996],[118.3948,30.1063],[118.3914,30.1055],[118.3846,30.0971],[118.3806,30.0968],[118.3706,30.0997],[118.3551,30.1119],[118.3569,30.122],[118.3512,30.1262],[118.3475,30.1343],[118.344,30.1525],[118.3393,30.1659],[118.3266,30.1753],[118.3115,30.1932],[118.2954,30.1962],[118.2907,30.1995],[118.2886,30.2292],[118.2866,30.2329],[118.2693,30.2403],[118.2664,30.2518],[118.2667,30.2599],[118.2714,30.2699],[118.2876,30.2815],[118.2925,30.2837],[118.3103,30.2856],[118.3205,30.2935],[118.3121,30.2929],[118.3034,30.2987],[118.2968,30.299],[118.2949,30.3021],[118.2987,30.3039],[118.3009,30.3089],[118.3098,30.3105],[118.3106,30.3139],[118.3102,30.3206],[118.3053,30.323],[118.3022,30.3285],[118.3026,30.3346],[118.2998,30.3408],[118.3055,30.3514],[118.3006,30.3558],[118.2978,30.3549],[118.295,30.3578],[118.2981,30.3623],[118.2986,30.3691],[118.3003,30.3702],[118.2946,30.3716],[118.2907,30.3687],[118.2885,30.3689],[118.2804,30.3724],[118.2806,30.3768],[118.2782,30.3803],[118.2657,30.3764],[118.262,30.3793],[118.2559,30.3785],[118.2553,30.3835],[118.2515,30.3855],[118.2567,30.3904],[118.2488,30.3901],[118.2503,30.3948],[118.2459,30.3991],[118.2378,30.4005],[118.223,30.4119],[118.2214,30.4144],[118.223,30.4239],[118.2186,30.4276],[118.219,30.4307],[118.2157,30.4343],[118.2152,30.4382],[118.2281,30.4397],[118.2314,30.4421],[118.2316,30.4457],[118.2252,30.455],[118.2143,30.4605],[118.2125,30.4691],[118.2085,30.471],[118.2063,30.4686],[118.1966,30.4686],[118.1932,30.4646],[118.1892,30.4663],[118.1858,30.4645],[118.188,30.4745],[118.1852,30.4743],[118.1843,30.4682],[118.1823,30.4655],[118.1787,30.4622],[118.172,30.4609],[118.1685,30.4532],[118.1729,30.4541],[118.1766,30.4515],[118.1821,30.4517],[118.1825,30.4492],[118.1811,30.4478],[118.1698,30.4485],[118.1633,30.4468],[118.1569,30.4337],[118.1445,30.4343],[118.1379,30.429],[118.1313,30.4301],[118.125,30.4237],[118.1199,30.424],[118.1076,30.4293],[118.1098,30.4527],[118.1054,30.4585],[118.1035,30.4652],[118.1057,30.47],[118.1182,30.4833],[118.1211,30.4931],[118.1308,30.4982],[118.1274,30.5041],[118.1176,30.5093],[118.0896,30.5173],[118.0691,30.5131],[118.0591,30.5084],[118.0537,30.5037],[118.035,30.4985],[118.0169,30.5006],[117.9857,30.4987],[117.9813,30.5015],[117.9735,30.5115],[117.9701,30.5123],[117.983,30.5281],[117.9872,30.5377],[117.988,30.5469],[117.9851,30.5613],[117.9884,30.5661],[117.9971,30.5708],[118.023,30.5755],[118.0314,30.5818],[118.0461,30.5971],[118.0515,30.5996],[118.0659,30.6],[118.0692,30.6025],[118.0731,30.6096],[118.0779,30.6237],[118.0941,30.6344],[118.1009,30.6412],[118.1062,30.6409],[118.1157,30.646],[118.1368,30.6522],[118.1536,30.6665],[118.1635,30.6826],[118.1712,30.6916],[118.2054,30.7022],[118.2183,30.7095],[118.2226,30.7105],[118.2292,30.7092],[118.2329,30.7062],[118.2429,30.7035],[118.2676,30.7142],[118.2819,30.711],[118.286,30.7042],[118.2933,30.7],[118.305,30.6982],[118.3101,30.6994],[118.3145,30.7051],[118.3132,30.7069],[118.2972,30.716],[118.2947,30.7224],[118.2856,30.7304],[118.2757,30.7364],[118.2758,30.7414],[118.2929,30.7544],[118.2946,30.7571],[118.2957,30.7685],[118.2979,30.7724],[118.3011,30.7725],[118.3075,30.7762],[118.3029,30.7802],[118.3041,30.788],[118.3151,30.7832],[118.3133,30.7889],[118.3026,30.7938],[118.3008,30.7983],[118.305,30.8009],[118.3129,30.7951],[118.3133,30.7988],[118.308,30.8039],[118.3086,30.8052],[118.3067,30.8069],[118.3077,30.8089],[118.3122,30.8105],[118.3187,30.8217],[118.3234,30.8213],[118.3292,30.8244],[118.3337,30.8216],[118.3383,30.8268],[118.3476,30.8244],[118.3508,30.8349],[118.3555,30.8363],[118.3586,30.8394],[118.3589,30.8458],[118.3673,30.8435],[118.3694,30.8458],[118.3768,30.8473],[118.3817,30.8506],[118.3859,30.8497],[118.3885,30.8465],[118.3919,30.8466],[118.3934,30.8444],[118.3928,30.8378],[118.3982,30.8419],[118.4021,30.8414],[118.4022,30.8439],[118.4057,30.8455],[118.4089,30.8447],[118.41,30.8461],[118.4138,30.845],[118.4134,30.8424],[118.416,30.8412],[118.4212,30.8389],[118.4264,30.8388],[118.4368,30.8248],[118.4377,30.819],[118.4298,30.8139],[118.4195,30.8137],[118.4212,30.8087],[118.4317,30.7964],[118.441,30.7977],[118.4465,30.8009],[118.4504,30.7978],[118.4552,30.7902],[118.4517,30.7792],[118.459,30.775],[118.4633,30.77],[118.4654,30.7702],[118.466,30.7679],[118.4713,30.7684],[118.4679,30.7619],[118.4798,30.7628],[118.4807,30.7806],[118.4848,30.7903],[118.4956,30.7976],[118.4994,30.8021],[118.5029,30.8015],[118.5067,30.8041],[118.5053,30.8047],[118.507,30.8079],[118.5015,30.8037],[118.5034,30.81],[118.4955,30.8199],[118.4903,30.8226],[118.4822,30.8226],[118.4785,30.8304],[118.4782,30.8346],[118.482,30.8392],[118.4903,30.8419],[118.49,30.8487],[118.4939,30.8496],[118.4925,30.8531],[118.4978,30.8561],[118.4986,30.8585],[118.4982,30.8598],[118.4928,30.8596],[118.4912,30.8637],[118.487,30.8649],[118.4822,30.8588],[118.4774,30.8575],[118.4828,30.8649],[118.484,30.8708],[118.4785,30.8731],[118.4745,30.8729],[118.4721,30.8751],[118.4713,30.8792],[118.4723,30.8808],[118.4769,30.8818],[118.48,30.881],[118.4824,30.8779],[118.4862,30.8773],[118.4901,30.8799],[118.4932,30.8842],[118.4941,30.89],[118.4897,30.9001],[118.4976,30.9066],[118.509,30.9119],[118.5131,30.9171],[118.5131,30.9219],[118.5105,30.9273],[118.4982,30.9365],[118.4934,30.9422],[118.5153,30.9376],[118.5164,30.9413],[118.5092,30.9493],[118.5154,30.9539],[118.5198,30.9553],[118.5259,30.9537],[118.5294,30.9561],[118.529,30.9589],[118.5309,30.9583],[118.5335,30.9632],[118.551,30.9707],[118.5568,30.9715],[118.5711,30.9679],[118.5716,30.9727],[118.5794,30.978],[118.5824,30.9819],[118.5829,30.9871],[118.5798,30.9979],[118.5757,31.0002],[118.5727,31.0081],[118.5668,31.0131],[118.5721,31.015],[118.5729,31.0193],[118.5759,31.0222],[118.5843,31.0261],[118.5961,31.0479],[118.6015,31.0479],[118.6029,31.0465],[118.606,31.0288],[118.6205,31.02],[118.6273,31.0206],[118.6406,31.0315],[118.65,31.0369],[118.6569,31.0443],[118.6634,31.0545],[118.6758,31.0657],[118.6827,31.0749],[118.6761,31.0814],[118.6753,31.086],[118.6768,31.0896],[118.6855,31.0962],[118.6871,31.0994],[118.6841,31.1029],[118.683,31.1093],[118.6872,31.1209],[118.702,31.1358],[118.7213,31.1462],[118.7244,31.146],[118.7249,31.1431],[118.7309,31.1477]]]]}}]}